ID	Statement	Label (0 is False)	Source	Region	Date 	Link	Comments	Original text
1	China has 56 ethnic groups. Besides the Han, who make up over 90 percent of China's population, there are 55 ethnic groups in the country, each with their own costumes, festivals and customs.	1	China Daily	ASIA-PACIFIC	30 August 2021	https://www.chinadaily.com.cn/a/202108/30/WS612c12b2a310efa1bd66bdf2_2.html		
2	Weightlifter Shi Zhiyong of China won gold in men's 73kg category in Tokyo 2021.	1	China Daily	ASIA-PACIFIC	28 July 2021	http://www.chinadaily.com.cn/a/202107/28/WS61014f46a310efa1bd66513d_6.html		
3	"On the evening of June 22, 2021, Shanghai held a light show with the theme of ""Always Follow the Party"" in the Bund and Lujiazui areas along the Huangpu River. Nearly 300 buildings were lit up."	1	China Daily	ASIA-PACIFIC	25 June 2021	https://www.chinadaily.com.cn/a/202106/25/WS60d5955ba310efa1bd65e018.html		
4	China's health minister Ma Xiaowei said during a phone call with his US counterpart in May 2021 that China is willing to deepen cooperation with the United States in the field of healthcare and in fighting against the COVID-19 pandemic.	1	China Daily	ASIA-PACIFIC	20 May 2021	https://www.chinadaily.com.cn/a/202105/20/WS60a666c7a31024ad0bac05ee.html		
5	A sandstorm hit Hohhot, Inner Mongolia on April 15, 2021.	1	China Daily	ASIA-PACIFIC	15 April 2021	https://www.chinadaily.com.cn/a/202104/15/WS60780160a31024ad0bab5d08.html		
6	Xi attended closing meeting of CPPCC National Committee's annual session at the Great Hall of the People in Beijing, March 10, 2021.	1	China Daily	ASIA-PACIFIC	10 March 2021	https://www.chinadaily.com.cn/a/202103/10/WS60488ceca31024ad0baae46d_2.html		
7	Gao Feng, a spokesman for the Ministry of Commerce, said at a regular news briefing in 2021 that China is researching matters related to it joining the CPTPP.	1	China Daily	ASIA-PACIFIC	5 February 2021	https://www.chinadaily.com.cn/a/202102/05/WS601c819aa31024ad0baa7595.html		
8	"Chinese feature film ""A Little Red Flower""  secured the top place of the box office chart right after its debut on Dec. 31, generating a total of 657 million yuan in three days"	1	China Daily	ASIA-PACIFIC	3 January 2021	https://www.chinadaily.com.cn/a/202101/03/WS5ff158e3a31024ad0baa0187.html		
9	Since bringing its coronavirus outbreak under control, China has been sending medical supplies and equipment to other parts of the world to help fight COVID-19.	1	China Daily	ASIA-PACIFIC	29 December 2020	https://www.chinadaily.com.cn/a/202012/29/WS5fea8525a31024ad0ba9f265_2.html		
10	President Xi Jinping said in a congratulatory letter to the World Internet Conference - Internet Development Forum that China is ready to work with other countries to create a new paradigm for cybersecurity as well as a community with a shared future in cyberspace.	1	China Daily	ASIA-PACIFIC	24 November 2020	https://www.chinadaily.com.cn/a/202011/24/WS5fbc45bda31024ad0ba95f03.html		
11	In an interview with Nikkei Asia, published in April, founder and Chairman Lim Wee Chai reflected on the demands on the company and its workers as it fought its own problems with lockdowns and working through the pandemic.	1	Nikkei Asia	ASIA-PACIFIC	25 December 2020	https://asia.nikkei.com/Business/Business-Spotlight/The-numbers-of-2020-from-grounded-flights-to-soaring-stocks		
12	Ankith Gupta has gotten his name entered in the India Book of Records and Asia Book of Records for Song Composed By An Individual In Maximum Languages.	1	The Times of India	ASIA-PACIFIC	19 September 2020	https://timesofindia.indiatimes.com/entertainment/tamil/music/chennai-lad-ankith-gupta-sets-record-for-creating-a-song-in-14-languages/articleshow/78190929.cms		
13	A 27-year-old man was bludgeoned to death in Virada Vajadi village on Kalawad Road on the outskirts of Rajkot on Thursday night.	1	The Times of India	ASIA-PACIFIC	19 September 2020	https://timesofindia.indiatimes.com/city/rajkot/man-bludgeoned-to-death-in-rajkot/articleshow/78193954.cms		
14	Andhra Pradesh chief minister YS Jaganmohan Reddy launched the YSR Cheyutha scheme to empower socio-economically deprived women, by ushering them into entrepreneurship and helping them build strong, rewarding businesses.	1	The Times of India	ASIA-PACIFIC	12 August 2020	https://timesofindia.indiatimes.com/city/vijayawada/andhra-pradesh-cm-jaganmohan-reddy-launches-ysr-cheyutha-scheme/articleshow/77491438.cms		
15	Kabila and Malini attended the launch of Deepti Reddy’s co-working space ‘F215’ in Anna Nagar.	1	The Times of India	ASIA-PACIFIC	6 August 2019	https://timesofindia.indiatimes.com/city/vijayawada/andhra-pradesh-cm-jaganmohan-reddy-launches-ysr-cheyutha-scheme/articleshow/77491438.cms		
16	According to a white paper released on July 25 2019 on China's efforts in protecting the rights and interests of persons with disabilities over the past 70 years, 1,702 cities and counties nationwide had initiated efforts to improve accessibility and remove barriers by 2018.	1	Xinhua	ASIA-PACIFIC	1 August 2019	http://www.xinhuanet.com/english/2019-08/01/c_138276354.htm		
17	China started piloting national smart city development in 2012 to encourage use of the latest technology, such as artificial intelligence and Internet of Things, to help the flow of traffic, improve law enforcement and make public buildings more energy efficient.	1	Xinhua	ASIA-PACIFIC	20 February 2018	http://www.xinhuanet.com/english/2018-02/20/c_136987058.htm		
18	Bigg Boss Kannada winner and filmmaker-actor Pratham went online on a live video talking to his followers after consuming pills.	1	The Times of India	ASIA-PACIFIC	6 April 2017	https://timesofindia.indiatimes.com/entertainment/kannada/movies/news/bigg-boss-winner-pratham-attempts-suicide-on-live-video-survives/articleshow/58027624.cms		
19	"Chinese President Xi Jinping published a signed article in the Finnish newspaper Helsinki Times on Monday under the title ""Our Enduring Friendship"" ahead of his state visit to Finland on April 4-6."	1	China Daily	ASIA-PACIFIC	03 April 2017	https://www.chinadaily.com.cn/world/2017xivisitsfinlandandus/2017-04/03/content_28785603.htm		
20	Karakoram Highway stretches over 1,200 kilometers through the Karakoram Mountain, connecting Pakistan and Kashgar in Xinjiang. It's also known as China-Pakistan Friendship Highway.	1	China Daily	ASIA-PACIFIC	3 August 2017	https://www.chinadaily.com.cn/china/2017-08/03/content_30338991.htm		
21	"In 2017, Chinese President Xi Jinping said that BRICS countries should work to usher in the second ""golden decade"" of cooperation."	1	China Daily	ASIA-PACIFIC	3 September 2017	https://www.chinadaily.com.cn/world/2017brics/2017-09/03/content_31502025.htm		
22	President Xi Jinping sent a condolence message to his US counterpart, Donald Trump, over the mass shooting in Las Vegas in the US state of Nevada.	1	China Daily	ASIA-PACIFIC	3 October 2017	https://www.chinadaily.com.cn/world/2017-10/03/content_32786881.htm		
23	The world's first smart ship, developed and built by China State Shipbuilding Corp, started its first trial voyage in Guangzhou, capital of Guangdong province.	1	China Daily	ASIA-PACIFIC	3 November 2017	https://www.chinadaily.com.cn/china/2017-11/03/content_34055628.htm		
24	Ketmonov, chairman of the Central Council of the People's Democratic Party of Uzbekistan and deputy speaker of the legislative chamber of the Supreme Assembly of the Republic of Uzbekistan, said Uzbekistan played one of the most important roles in the ancient Silk Road, as it is located in the center of the road, geographically.	1	China Daily	ASIA-PACIFIC	5 December 2017	https://www.chinadaily.com.cn/world/2017-12/05/content_35220289.htm		
25	China's social asset totaled 1210 trillion yuan by the end of 2016, according to China's National Balance Sheet 2018.	1	China Daily	ASIA-PACIFIC	27 December 2018	https://www.chinadaily.com.cn/a/201812/27/WS5c24446fa310d91214051414.html		
26	In a statement, the European Union (EU) Minister for Foreign Affairs Josep Borrell called on Egypt, Ethiopia, and Sudan to resume talks regarding the Grand Ethiopian Renaissance Dam (GERD).	1	Daily News Egypt	AFRICA	25 October 2020	https://www.dailynewsegypt.com/2020/10/24/eu-calls-on-ethiopian-dam-parties-to-resume-talks/		
27	Veteran Egyptian actor Mahmoud Yassin passes away at 79.	1	Daily News Egypt	AFRICA	14 October 2020	https://www.dailynewsegypt.com/2020/10/14/veteran-egyptian-actor-mahmoud-yassin-passes-away-at-79/		
28	Famous Egyptian actor and singer Mohamed Ramadan was suspended from acting by the Egyptian Union of Artistic Syndicates, due to controversial photos that show him partying with Israeli celebrities in Dubai.	1	Daily News Egypt	AFRICA	24 November 2020	https://www.dailynewsegypt.com/2020/11/24/egyptian-actor-mohamed-ramadan-suspended-over-photos-with-israelis/		
29	In June 2020, Israel finally approved the appointment of veteran diplomat, Amira Oron, as its new ambassador to Cairo.	1	Daily News Egypt	AFRICA	23 September 2020	https://www.dailynewsegypt.com/2020/09/23/president-al-sisi-receives-credentials-for-15-new-ambassadors-to-egypt/		
30	Egypt’s Chief of General Intelligence Services (GIS), Abbas Kamel, travelled to South Sudan at the head of an Egyptian delegation, on a visit to meet President Salva Kiir and several state officials.	1	Daily News Egypt	AFRICA	12 August 2020	https://www.dailynewsegypt.com/2020/08/12/egypts-intelligence-head-meets-south-sudans-salva-kiir-in-juba/		
31	Google has introduced the Arabic version to its free Read Along Android app to help children over five years old independently learn and build their reading skills.	1	Daily News Egypt	AFRICA	12 September 2020	https://www.dailynewsegypt.com/2020/09/12/google-introduces-arabic-language-read-along-app-to-improve-child-reading-skills/		
32	Sheikh El-Hara was criticised by some people for violating privacy of celebrities through putting them under pressure to speak about their personal relationships, while other people are supporting the show for being bold and critical.	1	Daily News Egypt	AFRICA	26 May 2019	https://www.dailynewsegypt.com/2019/05/26/media-regulation-council-investigates-violations-of-sheikh-el-hara-tv-show/		
33	After his resignation from his post as Chairperson and Managing Director of the Commercial International Bank - Egypt (CIB), Hisham Ezz Al-Arab released a statement of apology on social media.	1	Daily News Egypt	AFRICA	24 October 2020	https://www.dailynewsegypt.com/2020/10/24/hisham-ezz-al-arab-releases-resignation-from-cib-post/		
34	Egypt’s consumer price index for urban consumers (CPI-U) rose to 3.8% in September 2020, compared to 3.4% in August 2020.	1	Daily News Egypt	AFRICA	10 October 2020	https://www.dailynewsegypt.com/2020/10/10/egypts-urban-inflation-rises-to-3-8-in-september-capmas/		
35	The global net income of the American multinational hospitality company Hilton reached $225m during the fourth quarter (Q4) of 2018, while the full year’s net income recorded $769m, according to Hilton’s Fourth Quarter and Full Year 2018 Results. 	1	Daily News Egypt	AFRICA	26 July 2019	https://www.dailynewsegypt.com/2019/07/27/hiltons-global-net-income-reaches-769m-in-2018/		
36	At least six persons were killed in a building collapse in Egypt’s northern coastal city of Alexandria.	1	Daily News Egypt	AFRICA	3 December 2020	https://www.dailynewsegypt.com/2020/12/03/6-killed-in-building-collapse-in-northern-egypts-alexandria/		
37	A huge Roman Empire building that is believed to be the Roman Empire main senate was unearthed at the Pelusium archaeological site near North Sinai. The site was found by an Egyptian mission in cooperation of the Institute of Archeology and Ethnology of the Polish Academy of Sciences.	1	Daily News Egypt	AFRICA	1 August 2019	https://www.dailynewsegypt.com/2019/08/01/ancient-roman-empire-senate-unearthed-near-north-sinai/		
38	The Lagos State Internal Revenue Service (LIRS) has introduced a new payment system that uses the electronic fiscal device (EFD) for hotels, restaurants, nightclubs and event centres and all stakeholders in the hospitality and tourism sector.	1	The Sun	AFRICA	1 March 2018	https://sunnewsonline.com/lirs-introduces-e-payment-for-consumption-tax/		
39	Senator Mustapha Bukar dies at 63.	1	The Sun	AFRICA	5 April 2018	https://sunnewsonline.com/katsina-senator-dies-at-63/		
40	Audu Kwaghtamen, a native doctor who hailed from Yelwater, a border community between Benue and Nasarawa states inhabited mainly by the Tiv, died and was buried by the roadside on March 11, 2004.	1	The Sun	AFRICA	17 February 2018	https://sunnewsonline.com/herbalists-corpse-turns-museum-13-years-after-burial/		
41	Leading telecommunications services provider, Airtel Nigeria, launched its 4G LTE network in Abuja with an assurance that the latest technology would empower more Nigerians, stimulate economic activities across all sectors of the economy as well as provide unfettered access to affordable and reliable mobile broadband.	1	The Sun	AFRICA	8 May 2018	https://sunnewsonline.com/airtel-launches-4g-lte-in-abuja/		
42	The award-winning scholar-writer, Dr. Lola Akande of the Department of English, University of Lagos, has released a novel:  Where Are You From? The novel dwells on citizenship, indigenisation, inter-ethnic marriages and youthful exuberance.	1	The Sun	AFRICA	10 February 2018	https://sunnewsonline.com/lola-akande-releases-new-novel/		
43	From 1999 t0 2018, over N63 trillion budgeted to better Nigeria has yielded no fruit, a problem that has been attributed to pervasive corruption, said the MacArthur Foundation.	1	The Sun	AFRICA	16 January 2020	https://sunnewsonline.com/nigeria-has-wasted-n63-trillion-since-1999-macarthur-foundation/		
44	As part of her contributions to the development of the girl-child, the Chief Executive Officer, African Alliance Insurance Plc, Funmi Omo, launched a scholarship initiative for young women across the country.	1	The Sun	AFRICA	4 June 2020	https://sunnewsonline.com/african-alliance-ceo-launches-women-scholarship-scheme/		
45	In 2018, Delta Air Lines was named the world’s ‘most on-time’ airline by the aviation data and analytics company FlightGlobal FlightStats. 	1	The Sun	AFRICA	29 January 2018	https://sunnewsonline.com/delta-named-2017s-most-on-time-global-airline/		
46	The United Nations Children’s Fund (UNICEF) said in 2018 that over 23 million children are malnourished in Nigeria while more than 10 million are also at the risk of malnourishment due to imminent food insecurity.	1	The Sun	AFRICA	08 February 2018	https://sunnewsonline.com/over-20m-nigerian-children-malnourished-unicef/		
47	Milwaukee Bucks star forward Giannis Antetokounmpo was named NBA Defensive Player of the Year in 2020.	1	The Sun	AFRICA	26 August 2020	https://sunnewsonline.com/antetokounmpo-named-nba-defensive-player-of-the-year/		
48	The United Nations announced in 2018 the return of 53 Sudanese refugees after they spent more than 14 years in refugee camps in eastern Chad.	1	The Sun	AFRICA	17 April 2018	https://sunnewsonline.com/un-announces-return-of-53-sudanese-refugees-from-chad/		
49	The police force headquarters in Abuja declared Kazeem Afegbua wanted.	1	The Sun	AFRICA	5 February 2018	https://sunnewsonline.com/breaking-news-police-declares-kazeem-afegbua-wanted/?expand_article=1		
50	A Boeing 747 British Airways (BA) flight BA9157 with registration number G-CIVO, airlifted 213 Britons (including 22 crew members)  from the Murtala Muhammed International Airport (MMIA), Lagos, as part of the United Kingdom’s repatriation efforts over the COVID19 pandemic.	1	The Sun	AFRICA	21 April 2020	https://sunnewsonline.com/covid19-uk-repatriates-213-citizens-from-lagos/		
51	Born to Greek immigrants in Izmet northwest of Istanbul in 1956, Meral Aksener pursued a degree in History at Istanbul University. 	1	Asharq Al-Awsat	MIDDLE EAST	20 January 2018	https://english.aawsat.com/home/article/1149256/asharq-al-awsat-exclusive-meral-aksener-turkey%E2%80%99s-iron-lady-threatening-erdogan		
52	Swami Sivananda from India, whose passport mentions his date of birth as 08/08/1896, had his three-day visit to the UAE in 2019. 	1	Khaleej Times	MIDDLE EAST	8 October 2019	https://www.khaleejtimes.com/uae/123-year-old-traveller-lands-at-abu-dhabi-airport		
53	Dubai's Burj Khalifa, the world's tallest building, showcased the national flag of Afghanistan on August 19 2019 on account of the country's 100th Independence Day.	1	Khaleej Times	MIDDLE EAST	19 August 2019	https://www.khaleejtimes.com/uae/dubai/dubais-burj-khalifa-to-showcase-afghanistan-flag-today		
54	The landmark UAE reform allowing foreign investors 100 per cent ownership of businesses took effect from December 1, 2020.	1	Khaleej Times	MIDDLE EAST	23 November 2020	https://www.khaleejtimes.com/government/uae-allows-100-ownership-of-businesses-by-foreign-nationals		
55	The General Directorate of Residency and Foreigners Affairs in Dubai announced in 2020 the launch of Al Saada Tourist Card, a free discount card that would give tourists access to a wide range of exclusive privileges, discounts, and promotions during their stay in the emirate.	1	Khaleej Times	MIDDLE EAST	10 December 2020	https://www.khaleejtimes.com/uae/dubai-tourists-to-get-free-discount-cards-upon-arrival		
56	Starting January 1 2021, water pipe tobacco (shisha) or electrically heated cigarettes cannot be sold in the UAE unless they bear the digital tax stamp (DTS).	1	Khaleej Times	MIDDLE EAST	22 December 2020	https://www.khaleejtimes.com/uae/uae-to-ban-e-cigarettes-shisha-without-digital-tax-stamp		
57	Emirates Integrated Telecommunications Company, or EITC, the holding group of du, announced in Aug 2020 a new operating model designed to digitally future-proof and enhance the telco's ability to adapt to evolving market dynamics.	1	Khaleej Times	MIDDLE EAST	27 August 2020	https://www.khaleejtimes.com/telecom/dubai-telecom-firm-eitc-unveils-revamped-operating-model		
58	Dubai International Financial Centre (DIFC) Courts frozed assets of NMC Health chairman BR Shetty at the request of Dutch lender Credit Europe Bank's Dubai branch.	1	Khaleej Times	MIDDLE EAST	25 July 2020	https://www.khaleejtimes.com/business/corporate/difc-courts-freezes-nmc-health-chairman-br-shettys-assets		
59	Adnoc Onshore, a subsidiary of the Abu Dhabi National Oil Company (Adnoc), announced the award of two Engineering, Procurement, and Construction (EPC) contracts to upgrade two Main Oil Lines (MOLs) and crude receiving facilities at the Jebel Dhanna Terminal in Abu Dhabi.	1	Khaleej Times	MIDDLE EAST	9 Sep 2020	https://www.khaleejtimes.com/energy/adnoc-invests-245-million-to-upgrade-main-oil-lines		
60	Emirates president Sir Tim Clark stepped down after 35 years with the world's largest carrier for international passengers.	1	Khaleej Times	MIDDLE EAST	24 December 2019	https://www.khaleejtimes.com/business/emirates-president-tim-clark-to-step-down		
61	Indian classical dancer Deepa Nair dies in Dubai.	1	Khaleej Times	MIDDLE EAST	4 May 2020	https://www.khaleejtimes.com/uae/indian-classical-dancer-deepa-nair-dies-in-dubai		
62	Samsung Electronics chairman Lee Kun-hee dies at 78	1	Khaleej Times	MIDDLE EAST	25 October 2020	https://www.khaleejtimes.com/business/samsung-electronics-chairman-lee-kun-hee-dies-at-78		
63	In 2020, Emaar Properties named Mohamed Alabbar, founder of the company and previously chairman of the board of directors, as managing director.	1	Khaleej Times	MIDDLE EAST	13 December 2020	https://www.khaleejtimes.com/business/alabbar-named-emaars-managing-director-new-chairman-announced		
64	Sephardic Chief Rabbi of the State of Israel, Rabbi Yitzhak Yosef and Rabbi Levi Duchman led a prayer ceremony during a Jewish meeting to inaugurate the first certified Jewish school in the gulf.	1	Khaleej Times	MIDDLE EAST	20 December 2020	https://www.khaleejtimes.com/uae/israels-chief-rabbi-prays-for-uae-leaders-wellbeing		
65	Nia Tony, an eight-year-old eco-warrior has collected nearly 15,000kg of paper waste in Dubai as part of the Emirates Environmental Group's nationwide recycling campaign.	1	Khaleej Times	MIDDLE EAST	10 June 2019	https://www.khaleejtimes.com/uae/8-year-old-collects-15000kg-of-paper-waste-in-dubai		
66	His Highness Sheikh Mohammed bin Rashid Al Maktoum, Vice-President and Prime Minister of the UAE and Ruler of Dubai, has reprimanded government officials for not responding to complaints raised by the public.	1	Khaleej Times	MIDDLE EAST	1 September 2019	https://www.khaleejtimes.com/uae/sheikh-mohammed-chides-government-officials-for-ignoring-complaints		
67	Dr Raed Safadi, chief economic advisor, Dubai Economy, said the emirate will continue to outpace global growth and those of advanced economies in the next couple of years on the back of Expo 2020 and developments related to the exhibition.	1	Khaleej Times	MIDDLE EAST	1 October 2019	https://www.khaleejtimes.com/business/dubai-launches-virtual-company-licence-costs-dh850		
68	The Mohammad bin Rashid Centre for Islamic Culture announced that 3,184 people converted to Islam in 2020.	1	Khaleej Times	MIDDLE EAST	23 December 2020	https://www.khaleejtimes.com/news/3184-people-accept-islam-in-uae-during-2020		
69	A personal bodyguard of the Custodian of the Two Holy Mosques, King Salman bin Abdulaziz Al Saud of Saudi Arabia, has been shot dead and seven others wounded, including security forces, during an altercation at a friend's home.	1	Khaleej Times	MIDDLE EAST	29 September 2019	https://www.khaleejtimes.com/article/saudi-king-salmans-personal-bodyguard-shot-dead-by-friend		
70	The Government of the UAE has launched the new domain name of its official portal to become the first government domain in the world composed of a single letter (U), to facilitate the public access to information, services, projects, strategies and laws in the UAE.	1	Khaleej Times	MIDDLE EAST	23 July 2019	https://www.khaleejtimes.com/government/uae-gets-worlds-first-single-letter-govt-domain		
71	In December 2019, Hala China wrapped up its second edition of Dubai Fashion Days, which saw over 12 designers from China and the Middle East put together a five-day fashion extravaganza under the able guidance of show director, Jerry Zhang China's 'father of fashion'.	1	Khaleej Times	MIDDLE EAST	17 January 2020	https://www.khaleejtimes.com/uae/dubai-to-host-biggest-chinese-new-year-celebrations-outside-china		
72	An Asian beggar on visit visa, who was found to have made a whopping Dh100,000 in just a month, was arrested in Dubai's Al Quoz area. 	1	Khaleej Times	MIDDLE EAST	6 May 2019	https://www.khaleejtimes.com/uae/beggar-making-dh100000-per-month-in-dubai-arrested		
73	His Highness Sheikh Mohammed bin Rashid Al Maktoum, Vice-President and Prime Minister of the UAE and Ruler of Dubai, has officially joined video-sharing social networking service TikTok.	1	Khaleej Times	MIDDLE EAST	19 December 2020	https://www.khaleejtimes.com/government/sheikh-mohammed-launches-official-tiktok-account-shares-motivational-video		
74	The Islamabad High Court granted bail to former president Asif Ali Zardari in the fake accounts case on health grounds.	1	Khaleej Times	MIDDLE EAST	10 December 2019	https://www.khaleejtimes.com/article/pakistans-ex-president-zardari-gets-bail-on-health-grounds		
75	Sheikh Hamdan married Sheikha Sheikha bint Saeed bin Thani Al Maktoum.	1	Khaleej Times	MIDDLE EAST	17 May 2019	https://www.khaleejtimes.com/uae/dubai-crown-prince-sheikh-hamdan-brothers-get-married		
76	Research shows a majority of young people in a dozen countries in Europe do not follow a religion.	1	The Guardian	EUROPE	20 March 2018	https://www.theguardian.com/world/2018/mar/21/christianity-non-christian-europe-young-people-survey-religion		
77	Major global survey shows European countries are among the gloomiest in the developed world, with citizens pessimistic about their national prospects, their youth and the world in general	1	The Guardian	EUROPE	3 May 2019	https://www.theguardian.com/world/2019/may/03/european-countries-gloomiest-developed-world-poll		
78	Researchers from the Institute of Cancer Research at the Medical University of Vienna in Austria said a thorough review of 53 safety studies submitted to regulators by large chemical companies showed that most do not comply with modern international standards for scientific rigor, and lack the types of tests most able to detect cancer risks.	1	The Guardian	EUROPE	July 2 2021	https://www.theguardian.com/business/2021/jul/02/glyphosate-herbicide-roundup-corporate-safety-studies		
79	France investigates fashion brands over forced Uyghur labour claims	1	The Guardian	EUROPE	July 2 2021	https://www.theguardian.com/world/2021/jul/02/france-investigates-fashion-brands-over-forced-uyghur-labour-claims		
80	Over 50,000 EU citizens applied for settled status in the UK the day before the deadline of the application was due	1	The Guardian	EUROPE	July 1 2021	https://www.theguardian.com/politics/2021/jul/01/eu-citizens-scramble-beat-uk-settled-status-deadline		
81	Amsterdam mayor apologises for city’s past role in slave trade	1	The Guardian	EUROPE	July 1 2021	https://www.theguardian.com/world/2021/jul/01/amsterdam-mayor-apologises-for-citys-past-role-in-slave-trade		
82	Putin says he was jabbed with Russia’s Sputnik V vaccine	1	The Guardian	EUROPE	July 1 2021	https://www.theguardian.com/world/2021/jun/30/putin-says-he-was-jabbed-with-russias-sputnik-v-vaccine		
83	England fans in UK can’t go to Rome for Euros quarter-final due to Covid rules, the FA saying it can’t sell tickets domestically due to Italy’s five-day quarantine period 	1	The Guardian	EUROPE	June 29 2021	https://www.theguardian.com/football/2021/jun/29/england-fans-in-uk-cant-go-to-rome-for-euros-quarter-final-due-to-covid-rules		
84	David Frost, the UK's Brexit minister, appears to make light of Elton John’s concerns over EU musician visas	1	The Guardian	EUROPE	June 29 2021	https://www.theguardian.com/uk-news/2021/jun/29/david-frost-says-elton-john-had-hits-before-uk-joined-eu		
85	Greek firefighters tackle major forest fire in conservation area near Athens, warning of a ‘huge ecological disaster’ after blaze in the Geraneia mountains	1	The Guardian	EUROPE	22 May 2021	https://www.theguardian.com/world/2021/may/22/greek-firefighters-tackle-major-forest-fire-in-conservation-area-near-athens		
86	“Pandemic fatigue” is on the rise across Europe and with it comes the risk of further disease spread, the World Health Organization has warned	1	The telegraph	EUROPE	6 October 2020	https://www.telegraph.co.uk/global-health/science-and-disease/apathy-towards-covid-19-growing-across-europe-warns/		
87	Public trust in the UK government’s response to the Covid-19 pandemic has been ranked one of the lowest in Europe, according to a study. 	1	The telegraph	EUROPE	5 October 2020	https://www.telegraph.co.uk/global-health/science-and-disease/confidence-uks-covid-19-response-ranked-lowest-europe/		
88	Fears have been expressed for foreign exchange trips as peers urge the Government to scrap plans that would force all children from Europe to carry passports after Brexit is completed.	1	The telegraph	EUROPE	4 October 2020	https://www.telegraph.co.uk/news/2020/10/04/fears-foreign-exchange-trips-peers-urge-government-scrap-plans/		
89	 EU warned Libya 'not safe for refugees' as it plans major reforms to migration policy,  Amnesty International report details rape and torture of refugees sent back to Libya after attempting to reach Europe 	1	The telegraph	EUROPE	24 September 2020	https://www.telegraph.co.uk/news/2020/09/24/eu-warned-libya-not-safe-refugees-plans-major-reforms-migration/		
90	 Czech’s replacement health minister reintroduces slew of restrictions as policy dramatically unravells following ‘end of Covid’ parties 	1	The telegraph	EUROPE	23 September 2020	https://www.telegraph.co.uk/news/2020/09/23/czechs-replacement-health-minister-reintroduces-slew-restrictions/		
91	 Global temperatures boosted by climate change will still be higher than usual despite the cooling effect of a “moderate to strong” La Nina weather phenomenon, the UN said	1	France24	EUROPE	30 September 2020	https://www.france24.com/en/europe/20201030-2020-set-to-rank-among-hottest-years-on-record-despite-la-nina-cooling-un-says		
92	 At least 19 people have been killed and hundreds injured after a powerful earthquake struck Turkey’s western coast and parts of Greece on Friday as both nations vowed to help the other in their recovery efforts. 	1	France24	EUROPE	30 October 2020	https://www.france24.com/en/europe/20201030-deadly-earthquake-strikes-turkey-and-greece		
93	 The European Union will finance the transfer of patients across borders within the bloc to prevent hospitals from getting overwhelmed as Covid-19 infections and hospitalisations spike in the continent. 	1	France24	EUROPE	30 October 2020	https://www.france24.com/en/europe/20201029-eu-to-fund-transfer-of-covid-19-patients-between-countries-as-strain-on-hospitals-grows		
94	 Russia's Sputnik V vaccine is 92% effective at protecting people from COVID-19 according to interim trial results, the country's sovereign wealth fund saidon Wednesday, as Moscow rushes to keep pace with Western drugmakers in the race for a shot. 	1	France24	EUROPE	11 November 2020	https://www.france24.com/en/europe/20201111-russia-says-its-covid-19-vaccine-sputnik-v-is-92-effective		
95	Property prices in the Portuguese capital Lisbon have risen by more than 60 percent in just three years, with many apartments used mainly as holiday rentals. But now, with a major drop in tourists due to the Covid-19 pandemic, these flats are empty and the city authorities are hoping to convince landlords to rent them out to low-income families, who have largely been priced out of their own city	1	France24	EUROPE	11 November 2020	https://www.france24.com/en/tv-shows/focus/20201111-portugal-flats-in-lisbon-earmarked-for-low-income-families-as-tourism-plummets		
96	 Russian peacekeeping troops deployed to Nagorno-Karabakh on Tuesday under a deal that halted six weeks of fighting between Azeri and ethnic Armenian forces, locking in place territorial gains by Azerbaijan. 	1	France24	EUROPE	11 November 2020	https://www.france24.com/en/europe/20201111-russia-deploys-peacekeepers-to-nagorno-karabakh-after-ceasefire-deal		
97	 The European Union warned pharmaceutical giants that develop coronavirus vaccines to honor their contractual obligations after slow deliveries of shots from two companies hampered the bloc’s vaunted vaccine rollout in several nations. 	1	France24	EUROPE	26 January 2021	https://www.france24.com/en/europe/20210126-eu-chief-says-covid-19-pharmaceutical-firms-must-deliver-on-vaccine-obligations		
98	 The leaders of Russia and Ukraine agreed on Tuesday to exchange all remaining prisoners from the conflict in east Ukraine by the end of the year, but left thorny questions about the region's status for future talks. 	1	France24	EUROPE	10 December 2019	https://www.france24.com/en/20191210-russia-and-ukraine-leaders-in-first-talks-agree-to-exchange-prisoners		
99	 The World Anti-Doping Agency on Monday banned Russia for four years from major global sporting events including the 2020 Tokyo Olympics and the 2022 World Cup in Qatar over manipulated doping data, prompting an angry response from President Vladimir Putin. 	1	France24	EUROPE	10 December 2019	https://www.france24.com/en/20191210-russia-calls-olympics-ban-over-doping-politically-motivated		
100	French President Emmanuel Macron inaugurated on Monday a monument in memory of hundreds of French soldiers who have died in foreign operations since the end of the Algerian war in 1963.	1	France24	EUROPE	11 October 2019	https://www.france24.com/en/20191111-live-macron-inaugurates-monument-for-armistice-day		
101	President Donald Trump’s campaign website appeared to fall victim to hackers Tuesday night.	1	CNBC	NORTH AMERICA	30 October 2020	https://www.cnbc.com/2020/10/28/trump-campaign-website-hacked.html		
102	The U.S. government will pay Eli Lilly $375 million to supply 300,00 doses of its experimental antibody drug to treat the coronavirus	1	CNBC	NORTH AMERICA	30 October 2020	https://www.cnbc.com/2020/10/28/coronavirus-us-in-375-million-deal-with-eli-lilly-for-antibody-drug.html		
103	Boeing’s CEO, Dave Calhoun, said the company is “getting very close to the finish line” of the worldwide grounding of its 737 Max plane, which hasn’t flown passengers since March 2019 following two deadly crashes.	1	CNBC	NORTH AMERICA	28 October 2020	https://www.cnbc.com/2020/10/28/boeing-ceo-says-very-close-to-finish-line-on-getting-737-max-flight-ban-lifted.html		
104	Supreme Court allows states and the federal government to prosecute a person for the same crime, upholding a longstanding rule	1	CNBC	NORTH AMERICA	17 June 2019	https://www.cnbc.com/2019/06/17/scotus-allows-states-and-federal-government-to-prosecute-a-person-for-the-same-crime.html		
105	Iran will surpass the internationally agreed limit on its low-enriched uranium stockpiles in 10 days, the country’s atomic energy body said Monday.	1	CNBC	NORTH AMERICA	17 June 2019	https://www.cnbc.com/2019/06/17/iran-says-it-will-break-internationally-agreed-limit-on-uranium-levels-in-10-days.html		
106	A leading rights group Thursday accused secessionist Yemeni authorities of holding detainees at an overcrowded detention center in the country’s south, exposing them to “serious health risks” amid the coronavirus pandemic. 	1	AP News	NORTH AMERICA	2 July 2020	https://apnews.com/93cec8dd39dbe210344b17fe17d8dba8cp7		
107	 The Green Party’s candidate for president did not strictly follow procedures for getting on Pennsylvania’s ballot in the November election and cannot appear on it, the state Supreme Court ruled Thursday, delivering a win for Democrats as Joe Biden tries to capture the battleground state’s electoral votes.	1	AP News	NORTH AMERICA	17 September 2020	https://apnews.com/cbd7947a020a1c5983a69e804ce3a5f8		
108	Secretary-General Antonio Guterres took the Saudi-led coalition backing Yemen’s government off a global blacklist of parties whose actions have harmed children in conflict, a move that drew immediate protests Monday from human rights groups.	1	AP News	NORTH AMERICA	15 June 2020	https://apnews.com/a37cd41b56727a8784d41d6fb95041f0and		
109	 A reality television star contends in a court filing that a North Carolina city’s size ban on a huge America flag flying at his recreational vehicle store is unconstitutional.	1	AP News	NORTH AMERICA	6 June 2019	https://www.apnews.com/2a6949f3bce44c499a01574b334ea36b		
110	The limpet mines used to attack a Japanese-owned oil tanker near the Strait of Hormuz last week bore “a striking resemblance” to similar mines seen in Iran, a U.S. Navy explosives expert said Wednesday, stopping short of directly blaming Tehran for the assault.	1	AP News	NORTH AMERICA	19/6/2019	https://apnews.com/article/5484dc4a51644fa9839546e1cd7bf89f		
111	A Native American tribe has reclaimed a small part of ancestral lands on California’s scenic Big Sur coast that were lost to Spanish colonial settlement nearly 250 years ago. 	1	AP News	NORTH AMERICA	28 July 2020	https://apnews.com/article/4786a72a304e29db02055dfa97d65597		
112	 New York’s attorney general on Friday recommended the New York Police Department get out of the business of routine traffic enforcement, a radical change she said would prevent encounters like one last year in the Bronx that escalated quickly and ended with an officer fatally shooting a motorist.	1	AP News	NORTH AMERICA	25 September 2020	https://apnews.com/article/c93fa5fc03f25c2b625d36e4c75d1691		
113	 Orson Bean, the witty actor and comedian who enlivened the game show “To Tell the Truth” and played a crotchety merchant on “Dr. Quinn, Medicine Woman,” was hit and killed by a car in Los Angeles, authorities said. He was 91.	1	AP News	NORTH AMERICA	8 February 2020	https://apnews.com/article/c74e551badceefd745bc32d10e4515ff		
114	The amount of land in Colombia being used to harvest coca — the plant used to make cocaine — is still at a record high despite a renewed campaign to manually eradicate the plant, new data from the White House said Thursday night.	1	AP News	NORTH AMERICA	5 March 2020	https://apnews.com/article/0aa6474b944f4ff8eb9e7e9cffffce87		
115	Mexico President Andrés Manuel López Obrador on Thursday named an army general who is a veteran of the country’s drug war to command the newly formed and controversial National Guard.	1	AP News	NORTH AMERICA	11 April 2019	https://www.apnews.com/e37e72d788f54031b2be19974a188029		
116	Nearly two decades after the Aryan Nations’ Idaho compound was demolished, far-right extremists are maintaining a presence in the Pacific Northwest.	1	AP News	NORTH AMERICA	May 26 2019	https://apnews.com/article/f2c9c20176ea427fa3833bbcbbe1a265		
117	A former FBI agent accused of botching the criminal investigation of former Missouri Gov. Eric Greitens turned himself in Monday after being indicted on charges alleging that he lied in a deposition about his interview with a woman who had an affair with Greitens.	1	AP News	NORTH AMERICA	June 17 2019	https://apnews.com/article/8172e48bb5f74427a315ab8322542338		
118	The man accused of killing 22 people and wounding two dozen more in a shooting that targeted Mexicans in the border city of El Paso, Texas, has been charged with federal hate crimes.	1	AP News	NORTH AMERICA	6 February 2020	https://apnews.com/article/540119399f935dcc9ff1c151663a8c23		
119	Two researchers from the Massachusetts Institute of Technology and a third from Harvard University won the 2019 Nobel Prize in economics on Monday for groundbreaking research into what works and what doesn’t in the fight to reduce global poverty.	1	AP News	NORTH AMERICA	14 October 2019	https://apnews.com/article/777efc95f30f41cc997ee47ce04c1c89		
120	Johnny Nash, a singer-songwriter, actor and producer who rose from pop crooner to early reggae star to the creator and performer of the million-selling anthem “I Can See Clearly Now,” died Tuesday, his son said. 	1	AP News	NORTH AMERICA	6 October 2020	https://apnews.com/article/0f9f260a1c75a6901ceaab05b52be458		
121	 The Food and Drug Administration found substantial levels of a worrisome class of nonstick, stain-resistant industrial compounds in some grocery store meats and seafood and in off-the-shelf chocolate cake, according to FDA researchers.	1	AP News	NORTH AMERICA	3 June 2019	https://apnews.com/article/e9c5fa42a1244de48e3edea7a1bb14eb		
122	Mexican drug kingpin and escape artist Joaquin “El Chapo” Guzman was sentenced Wednesday to life behind bars in a U.S. prison, expressing no remorse over his conviction for a massive drug conspiracy that spread murder and mayhem for more than two decades.	1	AP News	NORTH AMERICA	17 July 2019	https://apnews.com/article/2b16e1b751b044f3a7581df96ed41ef3		
123	The White House announced Saturday that Hamza bin Laden , the son of the late al-Qaida leader who had become an increasingly prominent figure in the terrorist organization, was killed in a U.S. counterterrorism operation in the Afghanistan-Pakistan region.	1	AP News	NORTH AMERICA	14 September 2019	https://apnews.com/article/107bb5b28f1c434b91c154e765a80350		
124	President Donald Trump said Saturday he had the power to fire or demote Federal Reserve Chairman Jerome Powell, adding new fuel to his long-running animus toward the central bank’s leader at a moment when the economy was at risk of edging into recession.	1	AP News	NORTH AMERICA	14 March 2020	https://apnews.com/article/2a21e92ed9129e91e713495c9ef50050		
125	In an era of unprecedented airline safety, Boeing’s newest version of its best-selling airliner has crashed twice in less than six months, killing 346 people and delivering a massive blow to the company’s reputation.	1	AP News	NORTH AMERICA	14 March 2019	https://www.apnews.com/a7f4dba194db4310b1687f5e952c7df3		
126	 On 29 September Argentina’s supreme court (CSJN) agreed to analyse the per saltum requests filed by three federal judges against the attempts by the government to transfer them from their current posts and ordered the immediate suspension of the transfers pending a final ruling.	1	Latin News	LATIN AMERICA	30 September 2020	https://www.latinnews.com/component/k2/item/85896.html?archive=3&Itemid=6&cat_id=823702:argentina-supreme-court-intervenes-in-judicial-independence-dispute		
127	Colombia’s presidential advisor for national security, Rafael Guarín, insisted that the government “will not allow itself to be overcome by criminal threats”, in response to a statement made by leaders of the ‘Segunda Marquetalia’ guerrilla group. 	1	Latin News	LATIN AMERICA	30 September 2020	https://www.latinnews.com/component/k2/item/85888.html?archive=3&Itemid=6&cat_id=823702:colombia-farc-dissidents-speak-out-against-duque		
128	Speaking at a United Nations (UN) heads of government meeting on the Sustainable Development Goals (SDGs), Venezuela’s de facto, Nicolás Maduro, has called for the formation of a multilateral fund for financing public procurement in vulnerable countries, especially those affected by international economic sanctions, which he claimed “aggravate the conditions of poverty and further violate the right to development”.	1	Latin News	LATIN AMERICA	30 September 2020	https://www.latinnews.com/component/k2/item/85890.html?archive=3&Itemid=6&cat_id=823702:in-brief-venezuela-seeks-sanction-solutions		
129	Brazil’s federal police (PF) served 76 arrest warrants and close to 300 search and seizure warrants across the states of Pará, Goiás, and São Paulo, as part of an investigation into the embezzlement of public funds through healthcare sector contracts.	1	Latin News	LATIN AMERICA	30 September 2020	https://www.latinnews.com/component/k2/item/85886.html?archive=3&Itemid=6&cat_id=823702:brazil-police-investigate-healthcare-sector-corruption		
130	the Colombia-based journalism foundation, Fundación Gabo, addressed a letter signed by a range of journalists and media organisations to Edison Lanza, the special rapporteur for freedom of expression at the Inter-American Commission on Human Rights (IACHR), requesting that he monitor “with extreme urgency” the situation in El Salvador.	1	Latin News	LATIN AMERICA	30 September 2020	https://www.latinnews.com/component/k2/item/85892.html?archive=3&Itemid=6&cat_id=823702:el-salvador-press-freedom-concerns-escalate		
131	The Central American isthmus federation of chambers of commerce (Fecamco) has released a new study which cites Nicaragua’s socio-political crisis as the cause for businesses throughout the region registering an average of 24% losses.	1	Latin News	LATIN AMERICA	30 April 2019	https://www.latinnews.com/component/k2/item/80013.html?archive=3&Itemid=6&cat_id=817168:in-brief-nicaragua		
132	Hernán Dario Velásquez (‘El Paisa’), a former commander from the demobilised Fuerzas Armadas Revolucionarias de Colombia (Farc) guerrillas, who is wanted by the authorities for failing to appear before the transitional justice court (JEP), released an open letter in which he complains that neither the JEP nor the Colombian authorities have provided the necessary guarantees for him to appear before the court.	1	Latin News	LATIN AMERICA	30 April 2019	https://www.latinnews.com/component/k2/item/80020.html?archive=3&Itemid=6&cat_id=817168:colombia-el-paisa-challenges-jep-government		
133	On 29 April, thousands of people took to the streets in Honduras’s capital Tegucigalpa and across the country to protest reforms to the country’s health and public education systems approved by the unicameral congress on 25 April.	1	Latin News	LATIN AMERICA	30 April 2019	https://www.latinnews.com/component/k2/item/80018.html?archive=3&Itemid=6&cat_id=817168:honduras-hernandez-faces-fresh-unrest		
134	the Brazilian city of Rio de Janeiro was shaken by violence for the second consecutive day, as people were held hostage and shots were exchanged between rival drug trafficking organisations (DTOs) and the police.	1	Latin News	LATIN AMERICA	28 August 2020	https://www.latinnews.com/component/k2/item/85548.html?archive=3&Itemid=6&cat_id=823468:brazil-violence-flares-up-in-rio-de-janeiro		
135	trade unions including the powerful Sindicato Único de Trabajadores de la Construcción y Similares (Suntracs) staged protests in Panama City, outside the supreme court, where unionists filed a claim of unconstitutionality against recently approved changes to the labour legislation.	1	Latin News	LATIN AMERICA	28 August 2020	https://www.latinnews.com/component/k2/item/85546.html?archive=3&Itemid=6&cat_id=823468:panama-unions-file-constitutional-claim-against-new-labour-legislation		
136	The head of Colombia’s army, frustrated by the nation’s faltering efforts to secure peace, has ordered his troops to double the number of criminals and militants they kill, capture or force to surrender in battle — and possibly accept higher civilian casualties in the process, according to written orders and interviews with senior officers.	1	NY Times	LATIN AMERICA	18 May 2019	https://www.nytimes.com/2019/05/18/world/americas/colombian-army-killings.html		
137	Mexico's President Andrés Manuel López Obrador told criminal gangs to stop donating food packages during the coronavirus crisis and instead focus on ending the violence which had left more than 100 people dead the previous day.	1	BBC News	LATIN AMERICA	22 April 2020	https://www.bbc.com/news/world-latin-america-52367898		
138	British intelligence engaged in a far more active programme of covert activity in Latin America in the 1960s than previously understood, it has been claimed.	1	BBC News	LATIN AMERICA	11 December 2020	https://www.bbc.com/news/world-latin-america-55230503		
139	"Indigenous communities in the Amazon region and elsewhere in Brazil are in danger of being ""wiped out"" by the coronavirus, according to health experts. "	1	BBC News	LATIN AMERICA	6 April 2020	https://www.bbc.com/news/world-latin-america-52139875		
140	Mexican President Andres Manuel Lopez Obrador has urged the US to make major reforms to its immigration policy as thousands of migrants were blocked by police in neighbouring Guatemala. Mr Lopez Obrador said he was hopeful that President-elect Joe Biden would agree to work with Mexico and other countries on the issue.	1	BBC News	LATIN AMERICA	19 January 2021	https://www.bbc.com/news/world-latin-america-55714865		
141	"The US says it is sending warships to the Caribbean to stop illegal drugs. ""We must not let the drug cartels exploit the [coronavirus] pandemic to threaten American lives,"" President Donald Trump said."	1	BBC News	LATIN AMERICA	2 April 2020	https://www.bbc.com/news/world-latin-america-52133500		
142	As the world tries desperately to tackle the coronavirus pandemic, Brazil's president is doing his best to downplay it. Jair Bolsonaro has largely struggled to take it seriously. Going against his own health ministry's advice earlier in March, and while awaiting the results of a second coronavirus test, he left self-isolation to join rallies against Congress. 	1	BBC News	LATIN AMERICA	29 March 2020	https://www.bbc.com/news/world-latin-america-52080830		
143	Brazil has removed months of data on Covid-19 from a government website amid criticism of President Jair Bolsonaro's handling of the outbreak. The health ministry said it would now only be reporting cases and deaths in the past 24 hours, no longer giving a total figure as most countries do.	1	BBC News	LATIN AMERICA	7 June 2020	https://www.bbc.com/news/world-latin-america-52952686		
144	Chile has announced it will hold a referendum on the country's constitution following weeks of anti-government protests. 	1	BBC News	LATIN AMERICA	15 November 2019	https://www.bbc.com/news/world-latin-america-50430477		
145	A decade-long, U.N.-assisted anti-corruption effort that brought down a president faced extinction after the Guatemalan government ended the agreement, drawing condemnation Tuesday from transparency and rights groups.	1	AP News	LATIN AMERICA	8 January 2019	https://www.apnews.com/1cc748184ee5436a94a1367a730baf8e		
146	Thousands of people crossed into Colombia on Saturday to buy food and medicine after Venezuelan President Nicolás Maduro reopened a border between the countries that had been shut down for the past four months.	1	AP News	LATIN AMERICA	June 8 2019	https://www.apnews.com/11624a3c53fe4d659da283cbc0b9c4dc		
147	Mexico’s most notorious drug lord, Joaquin “El Chapo” Guzman, was convicted Tuesday of running an industrial-scale smuggling operation after a three-month trial packed with Hollywood-style tales of grisly killings, political payoffs, cocaine hidden in jalapeno cans, jewel-encrusted guns and a naked escape with his mistress through a tunnel.	1	AP News	LATIN AMERICA	February 12 2019	https://www.apnews.com/9ddb7be679e64a77b34431b7ffd22317		
148	Cattleman Laurentino Cortizo was sworn in as Panama’s president Monday, saying he will work during his five-year term to boost the economy and bring transparency in contracting for public works projects.	1	AP News	LATIN AMERICA	July 1 2019	https://www.apnews.com/abc8d8e0fff149c3a7e3394ae3427fb0		
149	Thousands of medallion taxi drivers parked their pink-and-white cabs to block major Mexico City thoroughfares for hours Monday in protest of ride-hailing apps such as Uber, causing long delays for motorists.	1	AP News	LATIN AMERICA	October 7 2019	https://www.apnews.com/8c3ceb8dbb514bcdacd0db82c294219f		
150	Panama’s banking superintendency (SBP) has fined the Bank of China a total of US$1.25m for non-compliance with anti-money laundering rules and non-compliance with Panama’s banking regulatory regime. Bank of China is one of the biggest state-owned commercial banks in China.	1	AP News	LATIN AMERICA	27 July 2021	https://www.latinnews.com/component/k2/item/89367-in-brief-panama-s-banking-superintendency-fines-bank-of-china.html		
1	actor-director Mel Gibson has accused Hollywood of being involved in ritualistic child sacrifices and paedophilia. ,	0	AFP FactCheck	NORTH AMERICA	12 August 2020	https://factcheck.afp.com/there-no-public-evidence-mel-gibson-accused-hollywood-child-sacrifices-and-paedophilia		
2	Pfizer-BioNTech Covid-19 vaccine is dangerous because it contains the nanoparticle graphene oxide	0	AFP FactCheck	NORTH AMERICA	23 July 2021	https://factcheck.afp.com/http%253A%252F%252Fdoc.afp.com%252F9FM82U-1		
3	pilots vaccinated against Covid-19 are barred from flying in Canada because they are part of a medical trial	0	AFP FactCheck	NORTH AMERICA	21 July 2021	https://factcheck.afp.com/http%253A%252F%252Fdoc.afp.com%252F9FF8QF-1		
4	product codes indicate if produce has been genetically modified	0	AFP FactCheck	NORTH AMERICA	08 July 2021	https://factcheck.afp.com/http%253A%252F%252Fdoc.afp.com%252F9E89TH-1		
5	A tweet from the late tech entrepreneur John McAfee links him to an apartment block collapse in the US state of Florida	0	AFP FactCheck	NORTH AMERICA	2 July 2021	https://factcheck.afp.com/http%253A%252F%252Fdoc.afp.com%252F9DP8HU-1		
6	the World Economic Forum (WEF) tweeted to promote the harvesting of children’s blood	0	AFP FactCheck	NORTH AMERICA	30 June 2021	https://factcheck.afp.com/world-economic-forum-did-not-send-tweet-childrens-blood		
7	"Covid-19 messenger ribonucleic acid (mRNA) vaccines can cause people to develop a ""magnetic force"" due to a process called magnetofection"	0	AFP FactCheck	NORTH AMERICA	12 July 2021	https://factcheck.afp.com/http%253A%252F%252Fdoc.afp.com%252F9E94UF-1		
8	chicken and beef have been injected with prion proteins, nanoparticles or other material that make them stick to fridge magnets	0	AFP FactCheck	NORTH AMERICA	22 June 2021	https://factcheck.afp.com/misleading-claims-about-magnetism-spread-meat-poultry		
9	Romana Didulo has been appointed head of state and commander-in-chief of the “Republic of Canada.”	0	AFP FactCheck	NORTH AMERICA	18 June 2021	https://factcheck.afp.com/canada-still-headed-justin-trudeau-and-queen-elizabeth-ii		
10	Dasani bottled water contains the same compound used to kill inmates on death row	0	AFP FactCheck	NORTH AMERICA	18 June 2021	https://factcheck.afp.com/dasani-water-has-safe-amounts-potassium-chloride		
11	The Walt Disney Company tried to copyright the Swahili phrase “Hakuna Matata,” the Mexican holiday Dia de los Muertos, and most recently the Norse god Loki	0	AFP FactCheck	NORTH AMERICA	25 June 2021	https://factcheck.afp.com/disney-did-not-copyright-norse-god		
12	Covid-19 vaccines could contain trackers, citing a video showing a positive reading when a device designed to detect pet chips is held over the arm of a vaccinated woman	0	AFP FactCheck	NORTH AMERICA	02 July 2021	https://factcheck.afp.com/covid-19-vaccines-do-not-contain-tracking-devices		
13	"Covid-19 vaccines contain robotic ""nanotechnology"" that can change people's DNA"	0	AFP FactCheck	NORTH AMERICA	14 July 2021	https://factcheck.afp.com/http%253A%252F%252Fdoc.afp.com%252F9EV3G3-1		
14	people who have received a Covid-19 shot are ineligible to donate plasma to the American Red Cross because the vaccine destroys antibodies	0	AFP FactCheck	NORTH AMERICA	27 May 2021	https://factcheck.afp.com/american-red-cross-accepts-plasma-donations-covid-19-vaccine-recipients		
15	Hamas, the Gaza Strip’s Islamist rulers, bought “weapons of mass destruction” with $150 million provided by US President Joe Biden	0	AFP FactCheck	NORTH AMERICA	27 May 2021	https://factcheck.afp.com/us-funded-agency-palestinian-refugees-not-hamas		
16	a whistleblower revealed that millions of votes were changed to favor President Joe Biden by election technology company Dominion, with some attributing the information to former New York City mayor Rudy Giuliani	0	AFP FactCheck	NORTH AMERICA	26 May 2021	https://factcheck.afp.com/new-false-claim-2020-election-fraud-targets-dominion		
17	 Black Lives Matter tweeted support for Hamas, the Islamist rulers of Gaza, who are designated as a terrorist group by the United States	0	AFP FactCheck	NORTH AMERICA	24 May 2021	https://factcheck.afp.com/black-lives-matter-did-not-voice-support-hamas		
18	US space agency NASA warned an asteroid is on path to hit Earth and cannot be stopped by nuclear weapons	0	AFP FactCheck	NORTH AMERICA	18 May 2021	https://factcheck.afp.com/nasa-did-not-warn-real-asteroid-path-hit-earth		
19	US Census Bureau figures show that nearly four million fewer voters cast ballots in the 2020 presidential election than the official tally, raising questions about the integrity of the result	0	AFP FactCheck	NORTH AMERICA	14 May 2021	https://factcheck.afp.com/census-bureau-voter-tally-self-reported-not-official-election-data		
20	US House Speaker Nancy Pelosi thanked “millions of babies for sacrificing their lives for women’s rights”	0	AFP FactCheck	NORTH AMERICA	6 May 2021	https://factcheck.afp.com/nancy-pelosi-did-not-thank-babies-sacrificing-their-lives-womens-rights		
21	President Joe Biden’s climate plan would require Americans to cut red meat consumption by 90 percent	0	AFP FactCheck	NORTH AMERICA	29 April 2021	https://factcheck.afp.com/bidens-climate-plan-does-not-target-us-meat-consumption		
22	 plywood is expensive because it is being used to protect storefronts during the 2021 US protests	0	AFP FactCheck	NORTH AMERICA	23 April 2021	https://factcheck.afp.com/plywood-price-due-high-construction-demand-not-protests		
23	canola oil -- an ingredient in plant-based alternatives to meat -- is toxic	0	AFP FactCheck	NORTH AMERICA	20 April 2021	https://factcheck.afp.com/canola-oil-used-meat-substitutes-safe		
24	a medical examiner said George Floyd’s death should be ruled an overdose	0	AFP FactCheck	NORTH AMERICA	16 April 2021	https://factcheck.afp.com/doctor-did-not-say-george-floyds-death-should-be-ruled-overdose		
25	 Bill Gates has purchased the encrypted messaging app Telegram	0	AFP FactCheck	NORTH AMERICA	13 April 2021	https://factcheck.afp.com/bill-gates-has-not-bought-telegram-messaging-app		
26	nearly $50 million United Nations humanitarian aid package to Ecuador was conditional on the South American country legalizing abortions	0	AFP FactCheck	LATIN AMERICA	22 May 2020	https://factcheck.afp.com/un-falsely-accused-demanding-ecuador-legalize-abortions-get-covid-19-aid		
27	In the constitutional referendum in Chile, those who vote for the “Rejection” option must mark it with a red pencil, while those who vote “I approve” must do so with blue.	0	AFP FactCheck	LATIN AMERICA	25 October 2020	https://factual.afp.com/en-el-plebiscito-en-chile-solo-se-puede-votar-con-lapiz-pasta-azul		en el plebiscito constitucional en Chile quienes voten por la opción “Rechazo” la deben marcar con lápiz rojo, mientras que las personas que voten “Apruebo” lo deben hacer con color azul
28	A kit with medications such as azithromycin and hydroxychloroquine is distributed by the Brazilian government to patients with covid-19	0	AFP FactCheck	LATIN AMERICA	16 September 2020	https://factual.afp.com/este-kit-anticovid-no-es-distribuido-por-el-estado-brasileno		un kit con medicamentos como azitromicina e hidroxicloroquina ha sido compartida cientos de veces en redes sociales desde fines de agosto con la afirmación de que el gobierno brasileño lo reparte a pacientes con covid-19
29	Uruguay was the only country in South America that did not have open television broadcasting of its soccer team's matches for the Qatar 2022 World Cup qualifiers.	0	AFP FactCheck	LATIN AMERICA	20 November 2020	https://factual.afp.com/uruguay-ecuador-y-bolivia-no-emitieron-por-tv-abierta-los-partidos-de-su-seleccion		 Uruguay fue el único país de Sudamérica que no contó con transmisión televisiva abierta de los partidos de su selección de fútbol por las clasificatorias al Mundial de Catar 2022 
30	an example of “love jihad”, a conspiracy that alleges Muslim men in India seduce Hindu women to convert them to Islam	0	AFP FactCheck	LATIN AMERICA	03 December 2020	https://factcheck.afp.com/viral-video-couple-gym-trinidad-circulates-false-claim-about-love-jihad-india		
31	the infrared thermometer, widely used in public spaces amid the COVID-19 pandemic, can damage the pineal gland, located in the brain	0	AFP FactCheck	LATIN AMERICA	20 August 2020	https://checamos.afp.com/medir-temperatura-com-um-termometro-infravermelho-nao-danifica-glandula-pineal		o termômetro infravermelho, amplamente utilizado em espaços públicos em meio à pandemia de COVID-19, pode danificar a glândula pineal, localizada no cérebro
32	Cuba, Argentina and Venezuela do not have any financial subsidy to help their population during the covid-19 pandemic, unlike the Brazilian emergency aid	0	AFP FactCheck	LATIN AMERICA	17 September 2020	https://checamos.afp.com/argentina-e-venezuela-pagam-auxilio-emergencial-e-cuba-cobre-salarios-durante-pandemia		Cuba, Argentina e Venezuela não possuem qualquer subsídio financeiro para ajudar sua população durante a pandemia de covid-19, ao contrário do auxílio emergencial brasileiro
33	The medicine paracetamol P-500 contains the 'Machupo' virus	0	AFP FactCheck	LATIN AMERICA	31 August 2020	https://factual.afp.com/el-virus-machupo-no-puede-sobrevivir-en-una-tableta-de-paracetamol		"El medicamento paracetamol P-500 ""contiene el virus 'Machupo'"""
34	The Ecuadorian fiscal general Diana Salazar was declared by the United Nations Organization “as an accomplice to corruption” in the country of Ecuador	0	AFP FactCheck	LATIN AMERICA	13 August 2020	https://factual.afp.com/la-onu-no-declaro-complice-de-corrupcion-la-fiscal-general-de-ecuador-diana-salazar		"la fiscal general ecuatoriana Diana Salazar fue declarada por la Organización de Naciones Unidas “como cómplice de la corrupción"" en el país Ecuador"
35	Lionel Messi is boycotting a match against Israel because he refuses to play “against people who kill innocent Palestinian children”.	0	AFP FactCheck	LATIN AMERICA	25 May 2021	https://factcheck.afp.com/fabricated-quote-attributed-football-star-lionel-messi-has-been-circulating-online-2018		
36	Haiti's first lady Martine Moise died after a July 7, 2021 attack that killed her husband the president	0	AFP FactCheck	LATIN AMERICA	07 July 2021	https://factcheck.afp.com/http%253A%252F%252Fdoc.afp.com%252F9EB8C9-1		
37	US President Joe Biden authorized a US military intervention in Haiti on July 7, 2021, the day the Caribbean country's president was assassinated.	0	AFP FactCheck	LATIN AMERICA	13 July 2021	https://factcheck.afp.com/http%253A%252F%252Fdoc.afp.com%252F9EU6A2-1		
38	After thousands of Cubans marched in anti-government protests, President Miguel Diaz-Canel announced he would resign in a televised broadcast on July 17.	0	AFP FactCheck	LATIN AMERICA	26 July 2021	https://factcheck.afp.com/http%253A%252F%252Fdoc.afp.com%252F9FH4XQ-1		
39	ivermectin, an antiparasitic medicine, is a useful treatment against covid-19, and a “miracle” medicine	0	AFP FactCheck	LATIN AMERICA	18 June 2021	https://checamos.afp.com/eficacia-da-ivermectina-contra-covid-19-nao-foi-demonstrada-cientificamente		 ivermectina, um medicamento antiparasitário, como um tratamento útil contra a covid-19, e até mesmo como um remédio “milagroso”
40	 covid-19 masks hide parasites inside	0	AFP FactCheck	LATIN AMERICA	19 April 2021	https://checamos.afp.com/os-fios-pretos-dentro-das-mascaras-nao-sao-parasitas-mas-fibras-texteis-inofensivas		as máscaras contra covid-19 escondem parasitas em seu interior 
41	supposed “anti-sex beds” made of cardboard were used in the Olympic Village as an apparent measure to avoid contagion of covid-19 during the Tokyo 2020 Olympic Games	0	AFP FactCheck	LATIN AMERICA	22 July 2021	https://factual.afp.com/http%253A%252F%252Fdoc.afp.com%252F9FN7AG-1		 las supuestas “camas anti-sexo” hechas de cartón en la Villa Olímpica, como una aparente medida para evitar contagios de covid-19 durante los Juegos Olímpicos de Tokio 2020
42	Drinking just a glass of water at specific times of the day can prevent multiple health problems, such as strokes and heart attacks.	0	AFP FactCheck	LATIN AMERICA	23 February 2021	https://checamos.afp.com/beber-agua-em-horarios-especificos-nao-evita-derrames-ou-ataques-cardiacos-dizem-especialistas		Beber apenas um copo d’água em horários específicos do dia pode evitar múltiplos problemas de saúde, como derrames e ataques cardíacos
43	drinking onion juice prevents the development of any prostate problems	0	AFP FactCheck	LATIN AMERICA	12 February 2021	https://checamos.afp.com/beber-suco-de-cebola-nao-impede-o-desenvolvimento-de-problemas-na-prostata		beber suco de cebola impede o desenvolvimento de qualquer problema na próstata
44	Extreme oral hygiene, including rinsing with alcoholic beverages, allows patients to recover from Covid-19	0	AFP FactCheck	LATIN AMERICA	28 October 2021	https://factual.afp.com/tener-una-buena-higiene-bucal-no-previene-ni-cura-el-covid-19		extremar la higiene bucal, inclusive con enjuagues con bebidas alcohólicas, permite a los pacientes recuperarse del covid-19
45	car manufacturer Ford leaving Brazil would have been part of a “global decision” taken two years ago to end production of all passenger vehicles worldwide	0	AFP FactCheck	LATIN AMERICA	26 January 2021	https://checamos.afp.com/nao-ha-registro-de-que-ford-tenha-encerrado-globalmente-producao-de-veiculos-de-passageiros		o anúncio da fabricante automobilística Ford de sair do Brasil teria feito parte de uma “decisão global” tomada há dois anos de encerrar a produção de veículos de passageiros
46	a technique known as postural drainage can replace mechanical ventilation in patients with covid-19	0	AFP FactCheck	LATIN AMERICA	25 February 2021	https://checamos.afp.com/postura-de-brucos-aumenta-oxigenacao-mas-nao-substitui-respiradores-contra-covid-19		uma técnica conhecida como drenagem postural pode substituir a ventilação mecânica em pacientes com covid-19
47	Bananas with green stems and brown spots were ripened “through a chemical process”, while those with black stems were ripened “in a natural way”	0	AFP FactCheck	LATIN AMERICA	9 October 2021	https://factual.afp.com/las-manchas-de-los-platanos-indican-el-nivel-de-maduracion-y-no-intervencion-quimica		los plátanos con tallo verde y manchas marrones fueron madurados “a través de un proceso químico”, mientras que los que tienen tallo negro lo hicieron “de manera natural”
48	In Chile, if the “Approve” option wins by 80% in the October 25 referendum , it is possible to request the resignation of the president, Sebastián Piñera.	0	AFP FactCheck	LATIN AMERICA	23 September 2020	https://factual.afp.com/el-plebiscito-del-25-de-octubre-de-2020-en-chile-no-contempla-revocar-al-presidente-pinera		en Chile gana la opción “Apruebo” por un 80% en el plebiscito del próximo 25 de octubre se puede pedir la renuncia del presidente, Sebastián Piñera
49	In the United States “they have a qualified vote” and anyone who has not completed secondary school or receives social plans is not authorized to vote.	0	AFP FactCheck	LATIN AMERICA	11 September 2020	https://factual.afp.com/en-eeuu-no-hay-voto-calificado-no-se-inhabilita-al-votante-si-recibe-subsidios-ni-por-su-nivel		en Estados Unidos “tienen voto calificado” y que quien no haya hecho la escuela secundaria o cobre planes sociales no está habilitado para votar, requisitos que, aseguran los usuarios, si se aplicaran en Argentina lograrían que “el peronismo no gane nunca más”. 
50	Out of “193 countries in the world”, electronic voting machines are only used in two nations besides Brazil: Cuba and Venezuela	0	AFP FactCheck	LATIN AMERICA	18 Janeiro 2021	https://checamos.afp.com/o-preco-da-coronavac-e-inferior-ao-pago-em-varios-paises-por-outros-imunizantes-contra-covid-19		de “193 países no mundo”, as urnas eletrônicas são utilizadas apenas em duas nações além do Brasil: Cuba e Venezuela
51	people dressed as mimes and black birds depict a satanic ritual on the margins of the G7 summit in England	0	AFP FactCheck	EUROPE	15 June 2021	https://factcheck.afp.com/purported-satanic-ritual-g7-summit-was-climate-protest		
52	 Sweden stopped using PCR tests for diagnosing Covid-19 as these tests are purportedly unable to detect contagiousness	0	AFP FactCheck	EUROPE	04 June 2021	https://factcheck.afp.com/online-posts-falsely-claim-sweden-stopped-using-pcr-tests-covid-19-may-2021		
53	World Economic Forum founder Klaus Schwab purportedly wrote billions will die from 'organized epidemics'.	0	AFP FactCheck	EUROPE	07 July 2021	https://factcheck.afp.com/http%253A%252F%252Fdoc.afp.com%252F9DZ4PF-1		
54	British Prime Minister Boris Johnson and US Secretary of State Mike Pompeo have expressed support for the secession of Biafra -- a collection of states from southeast Nigeria -- from the rest of the country	0	AFP FactCheck	EUROPE	9 October 2020	https://factcheck.afp.com/false-quotes-claim-boris-johnson-and-mike-pompeo-express-support-nigerian-separatists		
55	a study by US-based scientists analysed spike proteins of the novel coronavirus. The study is evidence that some Covid-19 vaccines could be harmful.	0	AFP FactCheck	EUROPE	13 May 2021	https://factcheck.afp.com/posts-misrepresent-us-study-dangers-coronavirus-spike-protein		
56	the US Supreme Court “overturned” mandatory vaccination following a lawsuit filed by attorney Robert F. Kennedy Jr.	0	AFP FactCheck	EUROPE	23 April 2021	https://factcheck.afp.com/us-supreme-court-did-not-rule-against-mandatory-vaccination		
57	the Russian government has required polygamy for its male citizens	0	AFP FactCheck	EUROPE	23 April 2021	https://factcheck.afp.com/false-claim-circulates-social-media-russia-requires-male-citizens-have-more-one-wife		
58	British naturalist David Attenborough criticised Israel's role in the conflict with Palestinian armed groups.	0	AFP FactCheck	EUROPE	31 May 2021	https://factcheck.afp.com/david-attenborough-subject-fabricated-quote-israel-hamas-conflict		
59	"seven countries, including the United States, Spain, Italy and the United Kingdom, have ""survival rates"" of more than 99.9 percent for people who contract the novel coronavirus"	0	AFP FactCheck	EUROPE	29 May 2020	https://factcheck.afp.com/coronavirus-survival-rates-remain-unknown-experts-say		
60	photos showing President Muhammadu Buhari meeting his French counterpart Emmanuel Macron in Paris on May 17, 2021, were manipulated	0	AFP FactCheck	EUROPE	18 May 2021	https://factcheck.afp.com/nigerian-separatist-leader-falsely-claims-photos-president-meeting-french-counterpart-are-doctored		
61	Swedish climate activist Greta Thunberg urged Chinese people to stop using traditional chopsticks in order to save trees	0	AFP FactCheck	EUROPE	23 April 2021	https://factcheck.afp.com/greta-thunberg-did-not-urge-chinese-people-stop-using-chopsticks-save-trees-0		
62	prestigious British university may pull sheet music from the curriculum due to its ties to white supremacy	0	AFP FactCheck	EUROPE	09 April 2021	https://factcheck.afp.com/oxford-university-not-canceling-sheet-music		
63	France will ban the halal slaughter of chicken	0	AFP FactCheck	EUROPE	31 March 2021	https://factcheck.afp.com/france-did-not-ban-halal-slaughter-poultry		
64	Denmark has passed a new law that prohibits Muslims from voting in the elections	0	AFP FactCheck	EUROPE	11 March 2021	https://factcheck.afp.com/social-media-posts-falsely-claim-denmark-passed-law-banning-its-muslim-voters		
65	Germany’s renewable energy supply failed after snow covered solar panels and wind turbines froze	0	AFP FactCheck	EUROPE	19 February 2021	https://factcheck.afp.com/german-solar-wind-power-did-not-fail-cold-weather		
66	"Italian law enforcement ""arrested scores of paedophile cardinals"" in Vatican City"	0	AFP FactCheck	EUROPE	19 February 2021	https://factcheck.afp.com/fabricated-report-falsely-claims-italian-police-arrested-scores-paedophile-cardinals-vatican		
67	tests on a stolen sample of an unspecified vaccine showed it is radioactive enough to cause “disease and genetic damage,” and speculates that it could contain radium. 	0	AFP FactCheck	EUROPE	29 January 2021	https://factcheck.afp.com/radioactive-vaccine-was-not-stolen-german-medical-institute		
68	Pope Francis was arrested on January 9, 2021 on 80 count indictment for Child Trafficking, Fraud	0	AFP FactCheck	EUROPE	14 January 2021	https://factcheck.afp.com/no-pope-was-not-arrested-child-trafficking		
69	Austria has banned Muslims from engaging in politics	0	AFP FactCheck	EUROPE	08 January 2021	https://factcheck.afp.com/controversial-austrian-bill-does-not-involve-banning-muslims-politics		
70	Pfizer researcher found that the company’s Covid-19 vaccine will lead to infertility in women 	0	AFP FactCheck	EUROPE	9 December 2020	https://factcheck.afp.com/covid-19-vaccine-not-shown-cause-female-sterilization		
71	Dominion Voting had servers confiscated in Germany by the US military	0	AFP FactCheck	EUROPE	23 November 2020	https://factcheck.afp.com/dominion-voting-servers-were-not-seized-germany		
72	French football player Paul Pogba has retired from the international game in protest against French President Emmanuel Macron’s recent comments about radical Islam. 	0	AFP FactCheck	EUROPE	28 October 2020	https://factcheck.afp.com/paul-pogba-has-not-quit-frances-national-football-team-over-presidents-remarks-islam		
73	"controversial quotes made by Russian President Vladimir Putin criticising the lifestyle of  ""rich Africans""."	0	AFP FactCheck	EUROPE	15 October 2020	https://factcheck.afp.com/no-evidence-behind-claims-vladimir-putin-made-statement-criticising-rich-africans		
74	the word “hangover” is derived from the historic practice frequented by British sailors during the reign of Queen Victoria, who bought “access to bend over a rope” after a heavy night of drinking 	0	AFP FactCheck	EUROPE	16 September 2020	https://factcheck.afp.com/false-claim-circulates-online-hangover-term-derived-historic-practice-sleeping-rope	This one of the less impactful false claims we have	
75	Swiss authorities have “officially confirmed” that the polymerase chain reaction (PCR) test used to diagnose novel coronavirus is “fake”	0	AFP FactCheck	EUROPE	11 September 2020	https://factcheck.afp.com/hoax-circulates-online-switzerland-has-officially-confirmed-coronavirus-tests-are-fake		
76	The novel coronavirus was never detected in the major Chinese cities of Beijing and Shanghai	0	AFP FactCheck	ASIA-PACIFIC	12 April 2020	https://factcheck.afp.com/false-claim-beijing-and-shanghai-are-untouched-covid-19		
77	Singapore introduced fines of up to SGD$150 for anyone not wearing a face mask outdoors during the COVID-19 pandemic.	0	AFP FactCheck	ASIA-PACIFIC	20 April 2020	https://factcheck.afp.com/misinformation-about-fines-singapore-circulated-online-face-masks-made-mandatory-public		
78	Australian supermarkets banned Chinese nationals during COVID-19 pandemic.	0	AFP FactCheck	ASIA-PACIFIC	19 April 2020	https://factcheck.afp.com/myth-spreads-online-australian-supermarkets-have-banned-chinese-nationals-during-covid-19-pandemic		
79	The secretary of Pope Francis held a “blessing ceremony” for US President Trump at the White House during the COVID-19 pandemic.	0	AFP FactCheck	ASIA-PACIFIC	15 April 2020	https://factcheck.afp.com/video-shows-president-trump-us-pastor-white-house-event-september-2017		
80	The Indian government outlawed social media posts about the novel coronavirus pandemic through a piece of national legislation called the Disaster Management Act.	0	AFP FactCheck	ASIA-PACIFIC	15 April 2020	https://factcheck.afp.com/new-hoax-circulates-online-india-has-outlawed-social-media-posts-about-covid-19		
81	COVID-19 is linked to the global rollout of 5G networks	0	AFP FactCheck	ASIA-PACIFIC	24 April 2020	https://factcheck.afp.com/no-evidence-5g-radiation-harmful-human-health-experts-say		
82	Wearing a face mask for an extended period of time could cause hypercapnia, a condition caused by a buildup of carbon dioxide in the blood.	0	AFP FactCheck	ASIA-PACIFIC	14 May 2020	https://factcheck.afp.com/myth-circulates-online-prolonged-use-face-masks-can-cause-hypercapnia		
83	Flu vaccines can make people more vulnerable to infections.	0	AFP FactCheck	ASIA-PACIFIC	11 May 2020	https://factcheck.afp.com/misleading-claim-circulates-flu-vaccines-make-people-more-vulnerable-infections		
84	The World Health Organization (WHO) reported that no vegetarian has contracted the novel coronavirus.	0	AFP FactCheck	ASIA-PACIFIC	08 May 2020	https://factcheck.afp.com/hoax-circulates-not-single-vegetarian-has-contracted-covid-19-according-who		
85	COVID-19 means “see a sheep surrender” in Latin.	0	AFP FactCheck	ASIA-PACIFIC	23 June 2020	https://factcheck.afp.com/hoax-circulates-about-latin-translation-covid-19		
86	"A banner displaying the words ""FIGHT TO WIN"" was erected by China in the Indian territory of Ladakh."	0	AFP FactCheck	ASIA-PACIFIC	18 June 2020	https://factcheck.afp.com/photo-has-circulated-reports-2012-about-indian-army-banner-ladakh		
87	Android users in Australia have been automatically signed up to COVIDSafe, the government's COVID-19 contact tracing app, through an application programming interface (API) operated by Google.	0	AFP FactCheck	ASIA-PACIFIC	17 June 2020	https://factcheck.afp.com/false-claim-circulates-android-users-australia-have-been-automatically-signed-covidsafe-app		
88	Australian Prime Minister Scott Morrison posted a tweet claiming that he is “glad we don’t have any racism here in Australia”.	0	AFP FactCheck	ASIA-PACIFIC	09 June 2020	https://factcheck.afp.com/misinformation-circulates-after-parody-account-australian-prime-minister-scott-morrison-tweets-about		
89	"A herbal drink made from a ""snake grass"" plant, also known as ""clinacanthus nutans"", can kill cancer cells ""in 24 hours""."	0	AFP FactCheck	ASIA-PACIFIC	14 July 2020	https://factcheck.afp.com/there-no-evidence-snake-grass-can-kill-cancer-cells-experts-say		
90	Hong Kong actor Jackie Chan offered cash handouts to people affected by the COVID-19 pandemic.	0	AFP FactCheck	ASIA-PACIFIC	13 July 2020	https://factcheck.afp.com/hoax-circulates-facebook-jackie-chan-offering-cash-handouts-during-covid-19-pandemic		
91	"Drinking coconut water diluted with potassium aluminium sulphate, a chemical compound commonly used in water purification, can ""dissolve kidney stones"". "	0	AFP FactCheck	ASIA-PACIFIC	17 July 2020	https://factcheck.afp.com/misinformation-recirculates-online-thailand-about-cure-kidney-stones		
92	Thermometer guns cause “damage” to the brain because they contain infrared radiation.	0	AFP FactCheck	ASIA-PACIFIC	23 July 2020	https://factcheck.afp.com/thermometer-guns-are-safe-use-health-experts-say		
93	"US space agency NASA has added a 13th star sign named ""Ophiuchus"" to the zodiac."	0	AFP FactCheck	ASIA-PACIFIC	22 July 2020	https://factcheck.afp.com/old-hoax-resurfaces-online-about-nasa-adding-13th-zodiac-sign-ophiuchus		
94	Face masks can cause fungal lung infections.	0	AFP FactCheck	ASIA-PACIFIC	02 September 2020	https://factcheck.afp.com/face-masks-do-not-cause-fungal-lung-infections-if-handled-correctly-health-experts-say		
95	New Zealand's prime minister, Jacinda Ardern, authorised the military to enter private residences in order to enforce COVID-19 quarantine measures. 	0	AFP FactCheck	ASIA-PACIFIC	30 July 2020	https://factcheck.afp.com/misleading-claim-spreads-online-new-zealand-has-authorised-troops-enter-homes-enforce-covid-19		
96	The US Centers for Disease Control and Prevention (CDC) stated in 1958 that smoking did not cause cancer.	0	AFP FactCheck	ASIA-PACIFIC	30 July 2020	https://factcheck.afp.com/smoking-had-been-identified-causative-factor-lung-cancer-1958-us-health-authority-says		
97	Wearing a face mask compromises a person's immune system.	0	AFP FactCheck	ASIA-PACIFIC	29 July 2020	https://factcheck.afp.com/wearing-face-mask-does-not-compromise-your-immune-system-health-experts-say		
98	"Staff from the US consulate in China’s Chengdu ""cheered for China"" after Beijing closed its premises on July 24, 2020."	0	AFP FactCheck	ASIA-PACIFIC	28 July 2020	https://factcheck.afp.com/false-claim-circulates-photo-shows-us-consulate-staff-chengdu-cheering-china-after-beijing-ordered		
99	Publishing the Lord’s Prayer on Facebook violates the platform’s policies. 	0	AFP FactCheck	ASIA-PACIFIC	28 July 2020	https://factcheck.afp.com/facebook-dismisses-hoax-it-has-banned-users-sharing-lords-prayer		
100	Typing the word “gratula” into a comments section on Facebook will help to verify whether your account’s security is “safe”. 	0	AFP FactCheck	ASIA-PACIFIC	28 July 2020	https://factcheck.afp.com/commenting-word-gratula-facebook-does-not-verify-your-account-safe-company-says		
101	The Guardian website in Britain showed a news story about the European Union (EU) ordering Ethiopia to release all political prisoners, including jailed opposition leader Jawar Mohammed. 	0	AFP FactCheck	AFRICA	26 October 2020	https://factcheck.afp.com/no-recent-statements-ethiopia-have-been-issued-eu-doctored-image-claims		
102	Nigerian President Muhammadu Buhari died on January 21, 2017, and was secretly buried in his home state of Katsina in northwest Nigeria.	0	AFP FactCheck	AFRICA	23 October 2020	https://factcheck.afp.com/rumours-nigerian-leaders-death-spread-again-wake-slow-response-endsars-protests		
103	Former US Secretary of State Hillary Clinton once shook hands with late al-Qaeda leader Osama bin Laden.	0	AFP FactCheck	AFRICA	21 October 2020	https://factcheck.afp.com/picture-photoshop-contest-it-does-not-show-actual-meeting-between-hillary-clinton-and-osama-bin		
104	Russian President Vladimir Putin made comments backing Ethiopia in its dispute with neighbours over the mega-dam it has built on the Nile river. 	0	AFP FactCheck	AFRICA	04 November 2020	https://factcheck.afp.com/no-evidence-behind-claims-putin-vowed-back-ethiopia-nile-dam-dispute		
105	The World Health Organization’s (WHO) director-general Tedros Adhanom Ghebreyesus said he had tested positive for Covid-19.	0	AFP FactCheck	AFRICA	02 November 2020	https://factcheck.afp.com/who-head-did-not-say-he-tested-positive-covid-19-only-he-was-quarantining-after-contact-tested		
106	Nigeria’s former finance minister, Ngozi Okonjo-Iweala, has been named as the new director-general of the World Trade Organization (WTO).	0	AFP FactCheck	AFRICA	29 October 2020	https://factcheck.afp.com/again-nigerias-okonjo-iweala-has-not-yet-been-appointed-head-wto		
107	Boko Haram insurgents hoised their flag in Niger state, close to Nigeria’s capital Abuja	0	AFP FactCheck	AFRICA	5 May 0202	https://factcheck.afp.com/2011-video-shows-rebels-during-libyas-war-not-boko-haram-fighters-nigeria		
108	The US has announced permanent “E-visas” for Kenya and Liberia.	0	AFP FactCheck	AFRICA	28 October 2020	https://factcheck.afp.com/hoax-embassy-pages-falsely-claim-trump-made-visa-announcements-kenya-and-liberia		
109	US President Donald Trump made defamatory comments about Africans, asking “are you humans?”.	0	AFP FactCheck	AFRICA	24 November 2020	https://factcheck.afp.com/president-donald-trump-did-not-ask-africans-are-you-humans		
110	The Nigerian government gave US President Donald Trump 72 hours to concede the 2020 presidential election to former vice-president Joe Biden. 	0	AFP FactCheck	AFRICA	23 November 2020	https://factcheck.afp.com/nigeria-did-not-give-us-president-donald-trump-deadline-concede-election-or-face-sanctions		
111	US president-elect Joe Biden and former president Barack Obama tweeted to call for the release of Ugandan opposition politician Bobi Wine who was detained on November 18, 2020. 	0	AFP FactCheck	AFRICA	20 November 2020	https://factcheck.afp.com/hoax-tweets-falsely-claim-support-biden-obama-ugandan-presidential-challenger		
112	South African health and beauty retailer Clicks was giving away free sanitary pads in 2020.	0	AFP FactCheck	AFRICA	19 November 2020	https://factcheck.afp.com/south-african-pharmacy-chain-clicks-denies-offering-free-sanitary-pads-running-promotion		
113	Africa’s richest man, Aliko Dangote, gave away money, food and other assistance to 10,000 youths who have lost loved ones to the Covid-19 pandemic. 	0	AFP FactCheck	AFRICA	18 November 2020	https://factcheck.afp.com/scam-alert-africas-richest-man-not-running-facebook-giveaway-youths-affected-covid-19		
114	Zimbabwean businessman and socialite Genius “Ginimbi” Kadungure, who died in a car crash, bought his own coffin adorned with a green guitar a week before his death.	0	AFP FactCheck	AFRICA	17 November 2020	https://factcheck.afp.com/no-zimbabwean-businessman-ginimbi-did-not-buy-his-coffin-week-he-died		
115	The capital of Eritrea was hit by rockets fired from Ethiopia’s rebellious northern Tigray region on November 14, 2020.	0	AFP FactCheck	AFRICA	16 November 2020	https://factcheck.afp.com/image-shows-factory-blast-china-not-missiles-hitting-eritreas-capital		
116	Following an operation that enabled the commando army to seize one of TPLF’s buildings, many Tigray People’s Liberation Front (TPLF) mafia members have been caught fleeing with bags and boxes of money.	0	AFP FactCheck	AFRICA	12 November 2020	https://factcheck.afp.com/image-shows-cash-seized-brazilian-politician-2017-not-tigray-officials		
117	After Ethiopia’s government announced it had stripped immunity from prosecution for officials of the Tigray People’s Liberation Front (TPLF), a leader of the Tigray region’s dissident ruling party was arrested in handcuffs by the Ethiopian army. 	0	AFP FactCheck	AFRICA	18 December 2020	https://factcheck.afp.com/image-shows-former-head-rwandas-presidential-guard-being-arrested-not-tplf-leader		
118	As Britain became the first Western country to roll out a mass coronavirus vaccine campaign, Bill Gates and Robert F Kennedy Jr had warned the jabs can change a person's DNA.	0	AFP FactCheck	AFRICA	10 December 2020	https://factcheck.afp.com/vaccines-dont-change-your-dna		
119	Canadian Prime Minister Justin Trudeau signed an executive order allowing Nigerian professionals a limited period in which to apply for extended “E-visas”.	0	AFP FactCheck	AFRICA	10 December 2020	https://factcheck.afp.com/canadian-prime-minister-did-not-sign-executive-order-granting-special-e-visas-nigerians		
120	The US declared the dissident group Tigray People’s Liberation Front (TPLF) in Ethiopia’s Tigray region a terrorist entity.	0	AFP FactCheck	AFRICA	08 December 2020	https://factcheck.afp.com/us-has-not-assigned-terrorist-status-dissident-group-ethiopias-tigray-region		
121	both McDonald’s and Coca-Cola have announced plans to cease hiring white people in leadership position	0	AFP FactCheck	AFRICA	06 May 2021	https://factcheck.afp.com/mcdonalds-and-coca-cola-have-not-announced-plans-stop-hiring-white-people-top-positions		
122	UK-based supporters of Ugandan presidential candidate Bobi Wine was dispersed by police while demonstrating outside their country’s embassy.	0	AFP FactCheck	AFRICA	27 November 2020	https://factcheck.afp.com/video-shows-protest-south-africa-not-bobi-wine-supporters-uk		
123	Microsoft founder Bill Gates said there will be 700,000 “victims” of death or disability from a Covid-19 vaccine. 	0	AFP FactCheck	AFRICA	27 November 2020	https://factcheck.afp.com/bill-gates-was-talking-about-side-effects-and-did-not-say-700000-people-would-be-killed-or		
124	US president-elect Joe Biden on bended kneeled apologise to the “daughter of George Floyd,” a black man whose death in police custody sparked widespread demonstrations.	0	AFP FactCheck	AFRICA	27 November 2020	https://factcheck.afp.com/image-shows-joe-biden-kneeling-speak-boy-detroit-not-george-floyds-daughter		
125	Rwandan President Paul Kagame expressed support for his Ugandan counterpart.	0	AFP FactCheck	AFRICA	20 January 2021	https://factcheck.afp.com/false-statement-attributed-paul-kagame-his-ugandan-counterpart		
126	Barcodes with prefixes 729 and 871 mean that a product is made in Israel	0	AFP FactCheck	MIDDLE EAST	02 June 2021	https://factcheck.afp.com/social-media-posts-share-misleading-claim-barcode-prefixes-can-show-if-product-made-israel		
127	Indians celebrated the creation of a new base for Palestinian militant group Hamas in the Indian state of Kerala.	0	AFP FactCheck	MIDDLE EAST	31 May 2021	https://factcheck.afp.com/video-does-not-show-celebrations-new-hamas-base-indian-state		
128	the Cairo Tower lit up with the colours of the Palestinian flag, a display of a show of solidarity following the recent Israeli-Palestinian fighting	0	AFP FactCheck	MIDDLE EAST	4 June 2021	https://factcheck.afp.com/palestinian-flag-colours-were-not-displayed-cairo-tower		
129	The BBC, the United Kingdom’s national broadcaster, bowed to pressure from Israel and removed its Middle East correspondent Jeremy Bowen from Gaza.	0	AFP FactCheck	MIDDLE EAST	26 May 2021	https://factcheck.afp.com/posts-falsely-claim-bbc-removed-middle-east-correspondent-jeremy-bowen-after-pressure-israel		
130	Turkish soldiers arrived in the Palestinian territories as tensions between Israel and Islamist group Hamas escalated into deadly violence in May 2021.	0	AFP FactCheck	MIDDLE EAST	24 May 2021	https://factcheck.afp.com/photo-turkish-warships-predates-recent-israeli-palestinian-unrest		
131	Israel named a fighter jet after Indian woman killed in a Hamas rocket strike in May 2021.	0	AFP FactCheck	MIDDLE EAST	21 May 2021	https://factcheck.afp.com/doctored-photo-falsely-claims-israel-named-fighter-jet-after-indian-woman-killed-airstrike-0		
132	Pope Francis kissed the hands of American banker David Rockefeller and a member of the wealthy Rothschild family in 2021.	0	AFP FactCheck	MIDDLE EAST	21 May 2021	https://factcheck.afp.com/image-shows-pope-francis-holocaust-survivors-0		
133	Portuguese football star Cristiano Ronaldo sent a video message to Palestinians expressing solidarity with their plight.	0	AFP FactCheck	MIDDLE EAST	20 May 2021	https://factcheck.afp.com/video-2016-shows-cristiano-ronaldo-recording-message-hope-children-syria		
134	In 2021, Israeli Prime Minister Benjamin Netanyahu said in a speech that his country owed Islamist movement Hamas a huge debt of gratitude for uniting the Jews. He also vowed to stop firing at the Gaza strip “forever” if Hamas ceased its rocket attacks. 	0	AFP FactCheck	MIDDLE EAST	14 May 2021	https://factcheck.afp.com/fictional-blog-post-2014-falsely-attributed-israels-pm		
135	Dubai ruler Sheikh Mohammed told the BBC in 2014 that his great-grandson will be “back on a camel”, implying that the wealthy emirate's development is diminishing. 	0	AFP FactCheck	MIDDLE EAST	12 March 2021	https://factcheck.afp.com/sheikh-mohammed-did-not-say-great-grandson-will-be-back-camel-2014-interview		
136	The US government declared former US President Barack Obama a “funder of Al-Qaeda”. 	0	AFP FactCheck	MIDDLE EAST	22 January 2021	https://factcheck.afp.com/us-government-document-shared-alongside-false-claim-obama-funded-al-qaeda		
137	People in Saudi Arabia are aiming infrared thermometers at people’s hands rather than their foreheads because “laser light” can damage the brain.	0	AFP FactCheck	MIDDLE EAST	12 August 2020	https://factcheck.afp.com/infrared-thermometers-are-safe-and-do-not-cause-cancer-health-officials-say		
138	In Aug 2020, a devastating blast at Beirut’s port was nuclear.	0	AFP FactCheck	MIDDLE EAST	07 August 2020	https://factcheck.afp.com/beirut-blast-was-not-nuclear-explosion		
139	Tweets from the Israeli prime minister’s official Twitter account indicated the country was responsible for a massive explosion that devastated Beirut in 2020.	0	AFP FactCheck	MIDDLE EAST	05 August 2020	https://factcheck.afp.com/tweets-israeli-pms-account-referred-syria-strikes-not-beirut-blast		
140	Palestine was removed from Google Maps and Apple Maps in 2020.	0	AFP FactCheck	MIDDLE EAST	21 July 2020	https://factcheck.afp.com/misleading-claim-circulates-online-google-and-apple-removed-label-palestine-maps		
141	Israel reported zero deaths from the novel coronavirus, which causes the disease COVID-19. Israeli citizens have protected themselves from COVID-19 by drinking a remedy of hot water, lemon and baking soda, which purportedly “kills” the virus. 	0	AFP FactCheck	MIDDLE EAST	23 June 2020	https://factcheck.afp.com/false-social-media-posts-claim-israel-has-reported-zero-deaths-covid-19-due-baking-soda-remedy		
142	Saddam Hussein stated that the US threatened to spread the novel coronavirus, COVID-19, in Iraq during a meeting in the 1990s.	0	AFP FactCheck	MIDDLE EAST	29 March 2020	https://factcheck.afp.com/video-does-not-show-saddam-hussein-making-reference-covid-19		
143	An announcement from US supermarket chain Publix said that it will no longer carry Ben & Jerry's because of the ice cream company's decision to stop sales in occupied Palestinian territories.	0	AFP FactCheck	MIDDLE EAST	23 July 2021	https://factcheck.afp.com/http%253A%252F%252Fdoc.afp.com%252F9FR69F-1		
144	An Ethiopian military helicopter was shot down by Tigrayan rebels on November 11, 2021.	0	AFP FactCheck	MIDDLE EAST	15 November 2021	https://factcheck.afp.com/http%253A%252F%252Fdoc.afp.com%252F9RP4UC-1		
145	An export harbour was set ablaze during riots in South Africa in July 2021.	0	AFP FactCheck	MIDDLE EAST	20 July 2021	https://factcheck.afp.com/http%253A%252F%252Fdoc.afp.com%252F9FE9JA-1		
146	Portuguese footballer Cristiano Ronaldo refused to shake hands with Israel’s president. Ronaldo's gesture was an attempt to show support for Palestinian Muslims after the conflict escalated between Israel and Hamas. 	0	AFP FactCheck	MIDDLE EAST	01 July 2021	https://factcheck.afp.com/http%253A%252F%252Fdoc.afp.com%252F9DM98W-1		
147	Israeli soldiers arrested a Palestinian child in Gaza in May 2021. 	0	AFP FactCheck	MIDDLE EAST	29 June 2021	https://factcheck.afp.com/http%253A%252F%252Fdoc.afp.com%252F9DC8QW-1		
148	Malaysia can perform the hajj pilgrimage during the pandemic while Indonesia has cancelled the hajj.	0	AFP FactCheck	MIDDLE EAST	25 June 2021	https://factcheck.afp.com/malaysia-gets-additional-hajj-quota-only-after-pandemic-situation-fully-recovers		
149	A gas explosion happened in China’s northwestern Hubei province in June 2021.	0	AFP FactCheck	MIDDLE EAST	20 June 2021	https://factcheck.afp.com/old-video-2020-beirut-blast-circulates-false-posts-about-gas-explosion-china		
150	Israel air defence shot down dozens of Turkish & Iranian fighter jets in the skies during deadly fighting in Gaza in May 2021.	0	AFP FactCheck	MIDDLE EAST	14 June 2021	https://factcheck.afp.com/false-posts-share-hoax-israeli-strike-footage-taken-video-game		
