ID	Statement	Label (0 is False)	Source	Region	Date	Link	Comment	Original text
1	High Court of Australia ruled Indigenous rights referendum 'unconstitutional'.	0	AFP FactCheck	ASIA-PACIFIC	20 September 2023	https://factcheck.afp.com/doc.afp.com.33VA6JR		
2	"Thailand becoming a creditor to the International Monetary Fund (IMF) was an ""achievement"" of former prime minister Prayut Chan-o-cha."	0	AFP FactCheck	ASIA-PACIFIC	20 September 2023	https://factcheck.afp.com/doc.afp.com.33V8368		
3	A state-level scheme already in place in South Australia allows local Voice organisations to forcibly seize private propert.	0	AFP FactCheck	ASIA-PACIFIC	17 September 2023	https://factcheck.afp.com/doc.afp.com.33UX8UY		
4	The Philippines fired at Chinese ships entering Scarborough Shoal.	0	AFP FactCheck	ASIA-PACIFIC	13 September 2023	https://factcheck.afp.com/doc.afp.com.33TW7ZM		
5	Australian referendum will enter voters into 'contracts' with govt.	0	AFP FactCheck	ASIA-PACIFIC	12 September 2023	https://factcheck.afp.com/doc.afp.com.33UL9HL		
6	Consuming Cissus discolor -- a plant used for traditional medicine in Southeast Asia -- can eradicate cancers including those in their final stages.	0	AFP FactCheck	ASIA-PACIFIC	5 September 2023	https://factcheck.afp.com/doc.afp.com.33QQ2H7		
7	"Popular Filipino doctors Winston Kilimanjaro Creones Tiwaquen and Willie Ong -- who regularly dispense medical advice online -- both endorsed a product to ""cure burst eardrums"". "	0	AFP FactCheck	ASIA-PACIFIC	31 August 2023	https://factcheck.afp.com/doc.afp.com.33TJ6JX		
8	"Thailand's southern Krasae Sin district has been converted into the kingdom's ""newest province""."	0	AFP FactCheck	ASIA-PACIFIC	29 August 2023	https://factcheck.afp.com/doc.afp.com.33TH78W		
9	New mobile phone networks have led to a drop in bird populations.	0	AFP FactCheck	ASIA-PACIFIC	24 August 2023	https://factcheck.afp.com/doc.afp.com.33RU3AK		
10	A Thai TikTok user was banned from entering Japan for 20 years for filming themselves dancing on a train.	0	AFP FactCheck	ASIA-PACIFIC	24 August 2023	https://factcheck.afp.com/doc.afp.com.33RQ6ZG		
11	President Ferdinand Marcos is the first Philippine leader to award cash incentives to athletes who have excelled in international competitions.	0	AFP FactCheck	ASIA-PACIFIC	23 August 2023	https://factcheck.afp.com/doc.afp.com.33R77QG		
12	"Using mobile phones during thunderstorms could ""attract lightning""."	0	AFP FactCheck	ASIA-PACIFIC	21 August 2023	https://factcheck.afp.com/doc.afp.com.33R88AL		
13	The Election Commission of Pakistan (ECP) removed former prime minister Imran Khan's Pakistan Tehreek-e-Insaf (PTI) from a list of political parties that will take part in the country's next election.	0	AFP FactCheck	ASIA-PACIFIC	20 August 2023	https://factcheck.afp.com/doc.afp.com.33R72VU		
14	"South Korean President Yoon Suk Yeol ranked third on the 2022 list of the ""World's 50 Greatest Leaders"" by the US-based Fortune Magazine."	0	AFP FactCheck	ASIA-PACIFIC	14 August 2023	https://factcheck.afp.com/doc.afp.com.33QW9CQ		
15	Rubbing limes on painful teeth can relieve toothaches quickly. 	0	AFP FactCheck	ASIA-PACIFIC	9 August 2023	https://factcheck.afp.com/doc.afp.com.33QG6RP		
16	Sangeeta Phogat -- an Indian professional wrestler who took part in protests demanding the arrest of the head of the country's top wrestling body -- was eliminated in a tournament at the Budapest Ranking Series in Hungary after she lost 0-10. 	0	AFP FactCheck	ASIA-PACIFIC	8 August 2023	https://factcheck.afp.com/doc.afp.com.33PW8QU		
17	Malaysians above the age of 65 need to undergo an eye check in order to renew their driving licence from 2024. 	0	AFP FactCheck	ASIA-PACIFIC	3 August 2023	https://factcheck.afp.com/doc.afp.com.33QD8HM		
18	Philippine has lowered the state pension age to 40 years old. 	0	AFP FactCheck	ASIA-PACIFIC	31 July 2023	https://factcheck.afp.com/doc.afp.com.33PU924		
19	Aboriginal Australians were included in the national census as far back as 1933.	0	AFP FactCheck	ASIA-PACIFIC	27 July 2023	https://factcheck.afp.com/doc.afp.com.33NW287		
20	Consuming coral tree leaves can cure cancer.	0	AFP FactCheck	ASIA-PACIFIC	27 July 2023	https://factcheck.afp.com/doc.afp.com.33MM4CQ		
21	The disease mpox, formerly known as monkeypox, is a complication of vaccines.	0	AFP FactCheck	ASIA-PACIFIC	19 July 2023	https://factcheck.afp.com/doc.afp.com.33MU6YM		
22	Any activity on plots of land in Western Australia over 1,100 square metres first needs approval from a local Aboriginal council.	0	AFP FactCheck	ASIA-PACIFIC	16 July 2023	https://factcheck.afp.com/doc.afp.com.33NK6Z9	A misleading claim	
23	Wine extracted from the tropical fruit soursop has been medically approved to treat cancer.	0	AFP FactCheck	ASIA-PACIFIC	13 July 2023	https://factcheck.afp.com/doc.afp.com.33MC37A		
24	People with different blood types should lose weight with different diets.	0	AFP FactCheck	ASIA-PACIFIC	7 July 2023	https://factcheck.afp.com/doc.afp.com.33LG78C		
25	Chewing on the root of an elephant apple tree can cure rabies.	0	AFP FactCheck	ASIA-PACIFIC	3 July 2023	https://factcheck.afp.com/doc.afp.com.33KY4Y4		
26	The Commercial Bank of Ethiopia (CBE) is giving away various prizes on the occasion of the Ethiopian New Year, and users can submit their telephone numbers to receive the items.	0	AFP FactCheck	AFRICA	13 September 2023	https://factcheck.afp.com/doc.afp.com.33V68KW		
27	US President Joe Biden and the chairwoman of the World Trade Organisation (WTO), Ngozi Okonjo-Iweala, did not take photos with Nigerian leader Bola Tinubu at the G20 Summit held in India in September 2023.	0	AFP FactCheck	AFRICA	12 September 2023	https://factcheck.afp.com/doc.afp.com.33UZ942		
28	The BRICS organization now manages 80 percent of the global oil supply. 	0	AFP FactCheck	AFRICA	8 September 2023	https://factcheck.afp.com/doc.afp.com.33UH6BL		
29	Nigerian President Bola Tinubu attended the 2023 G20 summit hosted in India without being invited.	0	AFP FactCheck	AFRICA	8 September 2023	https://factcheck.afp.com/doc.afp.com.33UL378		
30	The Canadian government has issued a statement offering free travel and work opportunities to 40,000 Ethiopians and Eritreans. 	0	AFP FactCheck	AFRICA	5 September 2023	https://factcheck.afp.com/doc.afp.com.33UD3XD		
31	Days after the African Union and the Economic Community of West Africa States (ECOWAS) ramped up pressure on Niger’s coup leaders, a Nigerian military helicopter crashed in Niger. 	0	AFP FactCheck	AFRICA	29 August 2023	https://factcheck.afp.com/doc.afp.com.33TW6ZH		
32	Kenya’s President William Ruto vowed to make citizens’ lives more “difficult” as the country grapples with the rising cost of living. 	0	AFP FactCheck	AFRICA	28 August 2023	https://factcheck.afp.com/doc.afp.com.33TV9J6	the claim is misleading	
33	Sugar-free diets can “starve” cancer cells while cutting out acidic foods also helps to fight the disease.	0	AFP FactCheck	AFRICA	21 August 2023	https://factcheck.afp.com/doc.afp.com.33RH3BB		
34	After the ultimatum given to Nigerien putschists by the Economic Community of West African States (ECOWAS) to restore toppled president Mohamed Bazoum expired on August 6, 2023, Nigeria’s leader Bola Tinubu – who is also the regional bloc’s chairman – sought the approval of his country’s Senate to declare war on Niger but was denied. 	0	AFP FactCheck	AFRICA	9 August 2023	https://factcheck.afp.com/doc.afp.com.33QU44U		
35	As the coup in Niger continued, the northern neighbour Algeria claimed that it is willing to back the putschists if the Economic Community of West African States (ECOWAS) deploys forces to reinstate deposed president Mohamed Bazoum. 	0	AFP FactCheck	AFRICA	7 August 2023	https://factcheck.afp.com/doc.afp.com.33QM4EK		
36	Nigeria's electoral court had declared the Labour Party’s Peter Obi the winner of the February 25 presidential election.	0	AFP FactCheck	AFRICA	24 July 2023	https://factcheck.afp.com/doc.afp.com.33PK88X		
37	Democratic Alliance (DA) leader John Steenhuisen said the party was in an “advanced stage” of negotiations with the ruling African National Congress (ANC) to form a coalition government. 	0	AFP FactCheck	AFRICA	14 July 2023	https://factcheck.afp.com/doc.afp.com.33NX4VD		
38	Tthe governor of Osun state, Ademola Adeleke, had appointed his daughter Adenike Adeleke to the state cabinet.	0	AFP FactCheck	AFRICA	12 July 2023	https://factcheck.afp.com/doc.afp.com.33NK7RN	misleading: Adeleke did not appoint his daughter but rather the wife of his deceased brother; the two women share the same name.	
39	President Emmanuel Macron apologised to France’s former African colonies and pledged reparations during a UN speech in New York in April 2023.	0	AFP FactCheck	AFRICA	10 July 2023	https://factcheck.afp.com/doc.afp.com.33NE7UZ		
40	Nigerian has a huge housing deficit, lacking 70 million homes.	0	AFP FactCheck	AFRICA	7 July 2023	https://factcheck.afp.com/doc.afp.com.33MU7R8		
41	A Kenyan truck carrying a shipping container veered out of control on June 30, 2023, hitting other vehicles and people thronging a busy roadside market. More than 80 people had died.	0	AFP FactCheck	AFRICA	5 July 2023	https://factcheck.afp.com/doc.afp.com.33MM39N		
42	Namibia has abolished visa requirements for all countries in Africa.	0	AFP FactCheck	AFRICA	21 June 2023	https://factcheck.afp.com/doc.afp.com.33KE8VY		
43	Days after Ugandan President Yoweri Museveni announced that he had tested positive for Covid-19 on June 7, 2023, his health had quickly deteriorated and that he was admitted to hospital where he died from coronavirus complications. 	0	AFP FactCheck	AFRICA	20 June 2023	https://factcheck.afp.com/doc.afp.com.33JZ8MR		
44	Nigeria designated May 27 as Children’s Day to replace the anniversary of independence declared by the secessionist Biafra movement in the country’s southeast region.	0	AFP FactCheck	AFRICA	8 June 2023	https://factcheck.afp.com/doc.afp.com.33HM6P7		
45	The United Kingdom announced restrictions preventing student visa holders from bringing family members into the country, which also includes that all Nigerian students are now banned.	0	AFP FactCheck	AFRICA	26 May 2023	https://factcheck.afp.com/doc.afp.com.33GA23Y		
46	South African Broadcasting Corporation’s (SABC) plans to introduce a licence fee for motorists with radios installed in their vehicles.	0	AFP FactCheck	AFRICA	19 May 2023	https://factcheck.afp.com/doc.afp.com.33FJ8G2		
47	A lawyer representing Labour Party leader Peter Obi in his poll result challenge also works for detained separatist leader Nnamdi Kanu.	0	AFP FactCheck	AFRICA	16 May 2023	https://factcheck.afp.com/doc.afp.com.33F96MZ		
48	Bola Tinubu appointed the country’s first female state chief justice. 	0	AFP FactCheck	AFRICA	9 May 2023	https://factcheck.afp.com/doc.afp.com.33EP7JH		
49	Adeyeye Ogunwusi, a prominent traditional ruler in the country's southwest, said president-elect Bola Tinubu did not win the February 2023 election. 	0	AFP FactCheck	AFRICA	4 May 2023	https://factcheck.afp.com/doc.afp.com.33EE2V7		
50	In April 2023, a three-month state of emergency had been declared in Ethiopia’s northern Amhara region.	0	AFP FactCheck	AFRICA	3 May 2023	https://factcheck.afp.com/doc.afp.com.33EA7C4		
51	Malaysian Prime Minister Anwar Ibrahim's official visit to Saudi Arabia in March 2023 was not accorded proper media coverage, with only two news outlets reporting on it. 	0	AFP FactCheck	MIDDLE EAST	20 April 2023	https://factcheck.afp.com/doc.afp.com.33CT6ME		
52	The world football's governing body FIFA has banned Israel from playing in the U20 World Cup in 2023. 	0	AFP FactCheck	MIDDLE EAST	17 April 2023	https://factcheck.afp.com/doc.afp.com.33D44F8		
53	Wadi al-Salam cemetery in Najaf Iraq covers more than 600,000 hectares.	0	AFP FactCheck	MIDDLE EAST	27 February 2023	https://factcheck.afp.com/doc.afp.com.339P4JU		
54	Cristiano Ronaldo says he loves Islam while giving an interview in Dubai.	0	AFP FactCheck	MIDDLE EAST	26 February 2023	https://factcheck.afp.com/doc.afp.com.339X2UV		
55	A disk-shaped cloud filmed over Bursa in Turkey on January 19, 2023. The cloud was caused by a former American military project called High-frequency Active Auroral Research Program (HAARP).	0	AFP FactCheck	MIDDLE EAST	17 February 2023	https://factcheck.afp.com/doc.afp.com.339G3TF		
56	"Dubai's ruler Sheikh Mohammed bin Rashid Al Maktoum renamed a district ""Hind City"" to honour India and Hindus."	0	AFP FactCheck	MIDDLE EAST	10 February 2023	https://factcheck.afp.com/doc.afp.com.338U83F		
57	Saudi football club Al-Nassr fired one of their players, Jaloliddin Masharipov of Uzbekistan for refusing to give his jersey number to the team’s latest recruit, Portuguese star Cristiano Ronaldo.	0	AFP FactCheck	MIDDLE EAST	6 January 2023	https://factcheck.afp.com/doc.afp.com.336J96K		
58	"Saudi Arabia has deployed fighter planes and troops to Indonesia to help the Southeast Asian country ""invade Australia"" due to the territorial conflict over Ashmore Reef. "	0	AFP FactCheck	MIDDLE EAST	17 December 2022	https://factcheck.afp.com/doc.afp.com.333A3FX		
59	Ghanaian national football team competing at the 2022 World Cup tournament in Qatar forgot their kit at home.	0	AFP FactCheck	MIDDLE EAST	5 December 2022	https://factcheck.afp.com/doc.afp.com.32XK6VH		
60	Saudi Arabian football player Yasser Al-Shahrani died in hospital after a severe head injury sustained during a match against Argentina at the 2022 World Cup in Qatar. 	0	AFP FactCheck	MIDDLE EAST	1 December 2022	https://factcheck.afp.com/doc.afp.com.32WF484		
61	A Lufthansa plane carrying the German football team to Qatar for the 2022 World Cup tournament was banned from landing because of its “gay logo”.	0	AFP FactCheck	MIDDLE EAST	29 November 2022	https://factcheck.afp.com/doc.afp.com.32VB777		
62	Seven countries, including China, India and Russia, announced they would leave the World Health Organization.	0	AFP FactCheck	MIDDLE EAST	20 June 2022	https://factcheck.afp.com/doc.afp.com.32CJ3LK		
63	Saudi Arabia had permanently banned cinemas from operating in the kingdom, reversing a 2017 decision to allow them to operate.	0	AFP FactCheck	MIDDLE EAST	16 February 2022	https://factcheck.afp.com/doc.afp.com.9YE84U		
64	Saudi Arabia plans to remove an Islamic oath from the country's flag. 	0	AFP FactCheck	MIDDLE EAST	15 February 2022	https://factcheck.afp.com/doc.afp.com.9YR4EL		
65	Saudi Arabia's Crown Prince Mohammed bin Salman cancelled a meeting with South Korean President Moon Jae-in during a visit to the Middle East in January 2022. 	0	AFP FactCheck	MIDDLE EAST	31 January 2022	https://factcheck.afp.com/doc.afp.com.9X84AH		
66	Leading rabbinical authorities of Israel's legal system ruled against Covid-19 vaccination for young people and children in a binding decision for observant Jews.	0	AFP FactCheck	MIDDLE EAST	15 November 2021	https://factcheck.afp.com/http%253A%252F%252Fdoc.afp.com%252F9RK34P-1		
67	Cold temperatures in Antarctica evidenced that global warming is exaggerated or non-existent. 	0	AFP FactCheck	MIDDLE EAST	22 October 2021	https://factcheck.afp.com/http%253A%252F%252Fdoc.afp.com%252F9Q68LD-1		
68	The original book of Esther was recently found in Iran by a Jew who lived there. The scroll is from 1500 years ago.	0	AFP FactCheck	MIDDLE EAST	21 April 2022	https://factcheck.afp.com/doc.afp.com.328L9B2		
69	A diamond-encrusted airplane is owned by the UAE-based airline Emirates.	0	AFP FactCheck	MIDDLE EAST	22 January 2022	https://factcheck.afp.com/doc.afp.com.9WC346		
70	Graphene in vaccines can cause people to burn.	0	AFP FactCheck	MIDDLE EAST	19 January 2022	https://factcheck.afp.com/http%253A%252F%252Fdoc.afp.com%252F9W676P-1		
71	" Saudi Arabia treated world leaders ""differently"" by laying out different coloured carpets for their arrival."	0	AFP FactCheck	MIDDLE EAST	21 July 2022	https://factcheck.afp.com/doc.afp.com.32EV9CM		
72	"A bar in Jerusalem called ""Putin Pub"" was renamed ""Zelenskiy Pub"" -- using an alternative spelling of Ukraine President Volodymyr Zelensky's surname -- following Russia's invasion of Ukraine in late-February 2022."	0	AFP FactCheck	MIDDLE EAST	22 April 2022	https://factcheck.afp.com/doc.afp.com.326N66P		
73	120 non-Muslim spectators who came to watch the 2022 World Cup in Qatar accepted Islam.	0	AFP FactCheck	MIDDLE EAST	1 December 2022	https://factcheck.afp.com/doc.afp.com.32W77UY		
74	A massive fire went off at Qatar World Cup stadium during the Qatar World Cup tournament. 	0	AFP FactCheck	MIDDLE EAST	28 November 2022	https://factcheck.afp.com/doc.afp.com.32TB9F9		
75	Portuguese football star Cristiano Ronaldo tied the knot with Spanish model Georgina Rodriguez in Saudi Arabia.	0	AFP FactCheck	MIDDLE EAST	19 January 2023	https://factcheck.afp.com/doc.afp.com.337C2G2		
1	CNN said Cash App has gone under and that user funds will be redistributed via bankruptcy court. 	0	AFP FactCheck	NORTH AMERICA	13 September 2023	https://factcheck.afp.com/doc.afp.com.33UY2A7		
2	The deadly wildfires in the United States and Canada in the summer of 2023 are a deliberate policy to clear areas for urban redesign.	0	AFP FactCheck	NORTH AMERICA	11 September 2023	https://factcheck.afp.com/doc.afp.com.33UX2RZ		
3	"Wildfires in the US state of Washington were set intentionally to push ""smart city"" projects in the area."	0	AFP FactCheck	NORTH AMERICA	11 September 2023	https://factcheck.afp.com/doc.afp.com.33UP4ZU		
4	A new law in Florida requires fathers to complete a DNA test before signing a child's birth certificate, in order to prove they are the biological father. 	0	AFP FactCheck	NORTH AMERICA	11 September 2023	https://factcheck.afp.com/doc.afp.com.33UH9DZ		
5	"Canada had enacted a law to catalyze the country's use of digital IDs, an electronic currency and ""social credit"" monitoring."	0	AFP FactCheck	NORTH AMERICA	6 September 2023	https://factcheck.afp.com/doc.afp.com.33UC84A		
6	The United Nations' diplomatic security force was deployed to mediate between civilians and officials over wildfire evacuation orders.	0	AFP FactCheck	NORTH AMERICA	1 September 2023	https://factcheck.afp.com/doc.afp.com.33TY86A		
7	Blue objects that survived the August 2023 wildfires in the US state of Hawaii proved that lasers ignited the flames.	0	AFP FactCheck	NORTH AMERICA	31 August 2023	https://factcheck.afp.com/doc.afp.com.33TU43Q		
8	The US Centers for Disease Control and Prevention (CDC) has warned that people vaccinated against Covid-19 face a greater risk from a new strain of the virus than the unvaccinated. 	0	AFP FactCheck	NORTH AMERICA	31 August 2023	https://factcheck.afp.com/doc.afp.com.33U337G		
9	14 US cities have signed a pledge to ban meat, dairy and private vehicles by 2030 in an effort to fight climate change.	0	AFP FactCheck	NORTH AMERICA	30 August 2023	https://factcheck.afp.com/doc.afp.com.33TY48C		
10	"Bill Gates said in a post on X, formerly known as Twitter, that a ""tsunami of mRNA is coming -- whether you like it or not."""	0	AFP FactCheck	NORTH AMERICA	29 August 2023	https://factcheck.afp.com/doc.afp.com.33TX7Q9		
11	"Apollo 11 astronaut Buzz Aldrin admitted the 1969 Moon landing was ""just a prank""."	0	AFP FactCheck	NORTH AMERICA	26 August 2023	https://factcheck.afp.com/doc.afp.com.33RB4MA		
12	"Wildfires near the Canadian city of Kelowna were started intentionally to push people into ""15-minute smart cities."" "	0	AFP FactCheck	NORTH AMERICA	25 August 2023	https://factcheck.afp.com/doc.afp.com.33TC3K7		
13	In August 2023, US Food and Drug Administration (FDA) endorsed the use of ivermectin to treat or prevent Covid-19.	0	AFP FactCheck	NORTH AMERICA	22 August 2023	https://factcheck.afp.com/doc.afp.com.33T32NE		
14	Joe Biden fell asleep during an August 2023 event with survivors of the deadly wildfires that scorched the US state of Hawaii.	0	AFP FactCheck	NORTH AMERICA	22 August 2023	https://factcheck.afp.com/doc.afp.com.33T39HU		
15	Covid-19 vaccines are linked to a spike in meat allergies.	0	AFP FactCheck	NORTH AMERICA	22 August 2023	https://factcheck.afp.com/doc.afp.com.33RA3QC		
16	Each supplemental dose of Covid-19 vaccine increased a person's risk of contracting the coronavirus.	0	AFP FactCheck	NORTH AMERICA	16 August 2023	https://factcheck.afp.com/doc.afp.com.33R84AC		
17	Directed energy weapons started the deadly wildfires that scorched a historic town in the US state of Hawaii in August 2023. 	0	AFP FactCheck	NORTH AMERICA	11 August 2023	https://factcheck.afp.com/doc.afp.com.33R29CA		
18	"A new law in the US state of Illinois allows ""illegal immigrants"" to become police officers."	0	AFP FactCheck	NORTH AMERICA	11 August 2023	https://factcheck.afp.com/doc.afp.com.33QW26Z		
19	"The daughter of World Economic Forum (WEF) founder Klaus Schwab said ""permanent climate lockdowns"" are coming soon."	0	AFP FactCheck	NORTH AMERICA	11 August 2023	https://factcheck.afp.com/doc.afp.com.33QX7A8		
20	Ukraine has asked the Canadian government to send residents of Ukrainian descent to fight in the war against Russia. 	0	AFP FactCheck	NORTH AMERICA	10 August 2023	https://factcheck.afp.com/doc.afp.com.33QU4MP		
21	Skin cancer has only emerged in the past 60 years and is primarily attributable to factors other than sun exposure, such as diet and sunscreen use.	0	AFP FactCheck	NORTH AMERICA	9 August 2023	https://factcheck.afp.com/doc.afp.com.33QU9GQ		
22	Infant vaccination in developed countries is linked to higher mortality rates.	0	AFP FactCheck	NORTH AMERICA	9 August 2023	https://factcheck.afp.com/doc.afp.com.33QJ42W		
23	"Donald Trump was indicted for exercising his freedom of speech after the 2020 US election, and he has been ""threatened"" with the death penalty."	0	AFP FactCheck	NORTH AMERICA	4 August 2023	https://factcheck.afp.com/doc.afp.com.33QJ9QU		
24	American country music singer Jason Aldean debuted a new song to support company boycotts spearheaded by US conservatives.	0	AFP FactCheck	NORTH AMERICA	4 August 2023	https://factcheck.afp.com/doc.afp.com.33QN4F2		
25	Former US attorney general William Barr vowed to leap off a bridge if Donald Trump wins the Republican presidential nomination in 2024. 	0	AFP FactCheck	NORTH AMERICA	31 July 2023	https://factcheck.afp.com/doc.afp.com.33QF4T6	This is misleading	
26	FIFA president Gianni Infantino rebuked superstar Lionel Messi for not taking part in Argentina's friendly with Indonesia in Jakarta on June 19, 2023.	0	AFP FactCheck	LATIN AMERICA	28 June 2023	https://factcheck.afp.com/doc.afp.com.33KP3KF		
27	Anti-tank missile systems the United States sent to Ukraine ended up in the hands of a Mexican cartel.	0	AFP FactCheck	LATIN AMERICA	6 June 2023	https://factcheck.afp.com/doc.afp.com.33GZ8H2		
28	Mexico banned chemtrails and solar geoengineering after discovering a rogue climate balloon hovering over Baja (California Sur).	0	AFP FactCheck	LATIN AMERICA	10 March 2023	https://factcheck.afp.com/doc.afp.com.33AW9A9		
29	Argentina has issued banknotes featuring the image of football superstar Lionel Messi after the country's national team won the 2022 World Cup in Qatar.	0	AFP FactCheck	LATIN AMERICA	28 December 2022	https://factcheck.afp.com/doc.afp.com.33664AA		
30	Protesters threw objects at a bus carrying Brazil's national football team after the 2022 World Cup, where it was eliminated in a quarter-final match against Croatia.	0	AFP FactCheck	LATIN AMERICA	22 December 2022	https://factcheck.afp.com/doc.afp.com.334Y4KU		
31	In Dec 2022, a corrupt Brazilian politician was tied to a pole as he was being punished by the people.	0	AFP FactCheck	LATIN AMERICA	20 December 2022	https://factcheck.afp.com/doc.afp.com.334U484		
32	Brazil's defence ministry declared the 2022 presidential election result was fraudulent, and subsequently ordered the arrests of court officials and suspended congress.	0	AFP FactCheck	LATIN AMERICA	26 November 2022	https://factcheck.afp.com/doc.afp.com.32QY3RK		
33	There is a women-only village in southeastern Brazil called Noiva do Cordeiro.	0	AFP FactCheck	LATIN AMERICA	20 November 2022	https://factcheck.afp.com/doc.afp.com.32NJ7WB		
34	The US National Institutes of Health (NIH) has modified its page in September 2022 to recommend the anti-parasite drug ivermectin for Covid-19. 	0	AFP FactCheck	LATIN AMERICA	10 September 2022	https://factcheck.afp.com/doc.afp.com.32HW6YM		
35	A cosmological event called the “aphelion phenomenon” has been causing extremely cold weather on Earth since July 4, 2022, and will continue to do so until August 22, 2022, because of the increased distance to the sun. 	0	AFP FactCheck	LATIN AMERICA	2 August 2022	https://factcheck.afp.com/doc.afp.com.32FU233		
36	A Batman sculpture was worshipped by the ancient Mayans.	0	AFP FactCheck	LATIN AMERICA	20 June 2022	https://factcheck.afp.com/doc.afp.com.32CK9DY		
37	"Bolivian President Luis Arce had pledged his country would ""provide any kind of help to South Korea"". "	0	AFP FactCheck	LATIN AMERICA	1 June 2022	https://factcheck.afp.com/doc.afp.com.32BL4QC	This is misleading.	
38	In 2022, Russia sent two nuclear bombers to Venezuela. 	0	AFP FactCheck	LATIN AMERICA	8 March 2022	https://factcheck.afp.com/doc.afp.com.324P7U2		
39	Mexico's Father Ángel Cuevas died following vaccination against Covid-19.	0	AFP FactCheck	LATIN AMERICA	30 November 2021	https://factcheck.afp.com/http%253A%252F%252Fdoc.afp.com%252F9TM44A		
40	A foetus carved into a roadside embankment in Colombia is a sculpture made by a man whose wife and unborn child were killed by a drunk driver. 	0	AFP FactCheck	LATIN AMERICA	3 November 2021	https://factcheck.afp.com/http%253A%252F%252Fdoc.afp.com%252F9QX2FH-1		
41	The former leaders of Haiti, Tanzania, Burundi, eSwatini and Ivory Coast were assassinated because they opposed Covid-19 vaccines. 	0	AFP FactCheck	LATIN AMERICA	29 October 2021	https://factcheck.afp.com/http%253A%252F%252Fdoc.afp.com%252F9QL2W7-1		
42	"A town in Honduras where the sky ""rains fish"", a baffling phenomenon where heavy downpours leave hundreds of fish scattered on the ground. "	0	AFP FactCheck	LATIN AMERICA	25 October 2021	https://factcheck.afp.com/http%253A%252F%252Fdoc.afp.com%252F9QB469-1		
43	Covid-19 vaccines can cause male impotence, saying a relative's friend in Trinidad suffered that condition as well as testicular swelling after being immunized. 	0	AFP FactCheck	LATIN AMERICA	14 September 2021	https://factcheck.afp.com/http%253A%252F%252Fdoc.afp.com%252F9MU4CR-1		
44	A Mexican politician was stripping while giving a speech against corruption and poverty. 	0	AFP FactCheck	LATIN AMERICA	7 September 2021	https://factcheck.afp.com/http%253A%252F%252Fdoc.afp.com%252F9MB6JK-1		
45	The inclusion of five countries in the Brics means that the bloc manages 80% of the world's oil supply.	0	AFP FactCheck	LATIN AMERICA	13 September 2023	https://checamos.afp.com/doc.afp.com.33V64V7		A inclusão de cinco países ao Brics, grupo de grandes economias emergentes, suscitou alegações nas redes sociais de que o bloco passaria a administrar 80% da oferta de petróleo mundial.
46	Daniel Noboa, candidate for the presidency of Ecuador, announced in an interview on KCH Noticias on September 11, 2023 that he will close religious schools if he is the winner in the early elections on October 22	0	AFP FactCheck	LATIN AMERICA	22 September 2023	https://factual.afp.com/doc.afp.com.33W92KX		El candidato a la presidencia de Ecuador, Daniel Noboa, no anunció en una entrevista en KCH Noticias el 11 de septiembre de 2023 que cerrará los colegios religiosos si resulta ganador en las elecciones anticipadas el 22 de octubre, a diferencia de lo que aseguran publicaciones compartidas 
47	The government of former president Jair Bolsonaro (PL) generated more jobs than the mandates of Luiz Inácio Lula da Silva (PT) and Dilma Rousseff (PT) combined	0	AFP FactCheck	LATIN AMERICA	18 September 2023	https://checamos.afp.com/doc.afp.com.33VG4RA		O governo do ex-presidente Jair Bolsonaro (PL) não gerou mais empregos do que os mandatos de Luiz Inácio Lula da Silva (PT) e Dilma Rousseff (PT) juntos
48	President Santiago Peña has declared war on Argentina	0	AFP FactCheck	LATIN AMERICA	21 September 2023	https://factual.afp.com/doc.afp.com.33W23YF		el presidente Santiago Peña le declaró la guerra a Argentina.
49	The independent expert from the United Nations Víctor Madrigal-Borloz presented a report on the “intersections” between two human rights: freedom of worship and non-discrimination, warning “Christians” that if they did not accept the “legalization of pedophilia” they would be “excluded from society.”	0	AFP FactCheck	LATIN AMERICA	15 August 2023	https://checamos.afp.com/doc.afp.com.33R69MR		o especialista independente da Organização das Nações Unidas Víctor Madrigal-Borloz apresentou um relatório sobre as “interseções” entre dois direitos humanos: a liberdade de culto e a não discriminação. Mas usuários nas redes sociais compartilharam mais de 11 mil vezes, desde 6 de agosto, que o especialista alertou os “cristãos” que, se não aceitassem a “legalização da pedofilia”, seriam “excluídos da sociedade”
50	The Electoral Observation Mission of the Organization of American States (OAS) asked to cancel the elections of August 20, 2023 in Ecuador	0	AFP FactCheck	LATIN AMERICA	30 August 2023	https://factual.afp.com/doc.afp.com.33TX3QF		La Misión de Observación Electoral de la Organización de Estados Americanos (OEA) no pidió anular las elecciones del 20 de agosto de 2023 en Ecuador
51	Cristiano Ronaldo converted to Buddhism and became a monk. 	0	AFP FactCheck	EUROPE	25 August 2023	https://factcheck.afp.com/doc.afp.com.33RA9K6		
52	After a Sweden-based Iraqi refugee burned pages of the Koran in June 2023, the Swedish presidential palace was on fire and the blaze was an act of divine retribution.	0	AFP FactCheck	EUROPE	27 July 2023	https://factcheck.afp.com/doc.afp.com.33PN9ZT		
53	"Serbia is banning showings of the new ""Barbie"" movie because it features a distorted map of the Balkan region."	0	AFP FactCheck	EUROPE	25 July 2023	https://factcheck.afp.com/doc.afp.com.33PV7DD		
54	France's largest library was burned down by a mob in June 2023.	0	AFP FactCheck	EUROPE	14 July 2023	https://factcheck.afp.com/doc.afp.com.33NK3FB		
55	A spike in cases of a rare heart condition among infants in the United Kingdom is related to Covid-19 vaccination.	0	AFP FactCheck	EUROPE	13 July 2023	https://factcheck.afp.com/doc.afp.com.33NP8R7		
56	Sweden’s sports authorities approved sex as a national sport in June 2023.	0	AFP FactCheck	EUROPE	14 June 2023	https://factcheck.afp.com/doc.afp.com.33J87HA		
57	BBC News has admitted Covid-19 vaccines are to blame for record excess deaths in the UK in 2022.	0	AFP FactCheck	EUROPE	8 May 2023	https://factcheck.afp.com/doc.afp.com.33E97EQ		
58	A CNN tweet quoted Ukrainian President Volodymyr Zelensky saying he plans to change his war-torn nation's demographics through mass immigration.	0	AFP FactCheck	EUROPE	1 May 2023	https://factcheck.afp.com/doc.afp.com.33E889Z		
59	Football superstar Cristiano Ronaldo supported Indonesia's rejection of Israel's participation in the U20 World Cup in 2023 due to his support for the Palestinian cause. 	0	AFP FactCheck	EUROPE	28 April 2023	https://factcheck.afp.com/doc.afp.com.33DR3EP		
60	Russian President Vladimir Putin wished South Africa’s former president Jacob Zuma a happy birthday on live television. 	0	AFP FactCheck	EUROPE	23 April 2023	https://factcheck.afp.com/doc.afp.com.33DM2GT		
61	US President Joe Biden used a short phrase to deliver a coded message about surface-to-air missiles during a speech in Ireland. 	0	AFP FactCheck	EUROPE	20 April 2023	https://factcheck.afp.com/doc.afp.com.33DH3YG		
62	US President Joe Biden's arrived in Belfast on April 11, 2023 and failed to recognize and shoved aside British Prime Minister Rishi Sunak.	0	AFP FactCheck	EUROPE	13 April 2023	https://factcheck.afp.com/doc.afp.com.33D648F		
63	Switzerland banned Covid-19 shots in April 2023.	0	AFP FactCheck	EUROPE	12 April 2023	https://factcheck.afp.com/doc.afp.com.33CZ8KQ		
64	"Democratic Republic of Congo President Felix Tshisekedi pointed his French counterpart Emmanuel Macron after Macron said ""Africa should be handed over to France"". "	0	AFP FactCheck	EUROPE	27 March 2023	https://factcheck.afp.com/doc.afp.com.33BQ7JJ		
65	"Former British prime minister Liz Truss mocked India for being a country that ""listens with rapt attention to illiterate politicians and godmen""."	0	AFP FactCheck	EUROPE	24 March 2023	https://factcheck.afp.com/doc.afp.com.33BT94E		
66	A Turkish imam kissed the paw of a dog who had saved people from the rubble of the devastating 2023 earthquake in Turkey.	0	AFP FactCheck	EUROPE	17 March 2023	https://factcheck.afp.com/doc.afp.com.33AW823		
67	Climate activist Greta Thunberg deleted a 2018 tweet that predicted the world would end in five years after the projection failed to come true.	0	AFP FactCheck	EUROPE	17 March 2023	https://factcheck.afp.com/doc.afp.com.33BH8XZ		
68	A top court in Spain ruled Covid is a bioweapon with a patent.	0	AFP FactCheck	EUROPE	16 March 2023	https://factcheck.afp.com/doc.afp.com.33BE8HZ		
69	Russian President Vladimir Putin called for the destruction of Covid-19 vaccines.	0	AFP FactCheck	EUROPE	13 March 2023	https://factcheck.afp.com/doc.afp.com.33AW67R		
70	Volodymyr Zelensky earns $11 million per month, has billions in assets, including a $35 million house in Florida, and numerous other trappings of a moneyed lifestyle. 	0	AFP FactCheck	EUROPE	9 March 2023	https://factcheck.afp.com/doc.afp.com.33A99GQ	This is unproven	
71	The devastating earthquake in Turkey and Syria in February 2023 was man-made and triggered by the US-based High-frequency Active Auroral Research Program (HAARP) research facility.	0	AFP FactCheck	EUROPE	8 March 2023	https://factcheck.afp.com/doc.afp.com.33AN6CP		
72	Ukrainian President Volodymyr Zelensky said America's sons and daughters will be obligated to fight and die for his country.	0	AFP FactCheck	EUROPE	2 March 2023	https://factcheck.afp.com/doc.afp.com.33AB726	This is misleading.	
73	Western embassies in Turkey removed their ambassadors from the country shortly before a devastating earthquake on February 6th 2023.	0	AFP FactCheck	EUROPE	2 March 2023	https://factcheck.afp.com/doc.afp.com.33A63MC		
74	An article from the Guardian was published which is about tomato shortages due to the United Kingdom's exit from the European Union.	0	AFP FactCheck	EUROPE	1 March 2023	https://factcheck.afp.com/doc.afp.com.33AA2PH		
75	Joe Biden tumbled down the stairs as he disembarked from Air Force One upon arrival in Warsaw, Poland, on February 20, 2023. 	0	AFP FactCheck	EUROPE	24 February 2023	https://factcheck.afp.com/doc.afp.com.339Y4GX		
1	Rare floods ravaged areas along the middle and lower reaches of China's Yellow River in September and October 2021 as heavy rain not seen in decades hit the region.	1	China Daily	ASIA-PACIFIC	15 October 2021	https://www.chinadaily.com.cn/a/202110/15/WS616938c0a310cdd39bc6f3fa.html		
2	Second torchbearer, former Chinese track speed skater Li Jiajun ran with the Olympic flame during the Olympic flame lighting ceremony for the Beijing 2022 Winter Olympics in Olympia, Greece on Oct 18, 2021.	1	China Daily	ASIA-PACIFIC	18 October 2021	https://www.chinadaily.com.cn/a/202110/18/WS616d3aa6a310cdd39bc6fa8f_7.html		
3	The 19th Central Committee of the Communist Party of China convened its sixth plenary session in Beijing from November 8 to 11, 2021.	1	China Daily	ASIA-PACIFIC	12 November 2021	https://global.chinadaily.com.cn/a/202111/12/WS618da386a310cdd39bc74dcd.html		
4	President Xi Jinping attended the 28th Asia-Pacific Economic Cooperation Economic Leaders' Meeting via video link, in Beijing, Nov 12, 2021. 	1	China Daily	ASIA-PACIFIC	13 November 2021	https://www.chinadaily.com.cn/a/202111/13/WS618eeeeca310cdd39bc75191_4.html		
5	"China International Development Cooperation Agency spokesperson Xu Wei said that ""China is willing to provide emergency humanitarian assistance to the people affected by tornadoes in the United States according to their needs""."	1	China Daily	ASIA-PACIFIC	13 December 2021	https://www.chinadaily.com.cn/a/202112/13/WS61b721cca310cdd39bc7b117.html		
6	Hong Kong Chief Executive Carrie Lam Cheng Yuet-ngor proposed in 2022 for the creation of a new bureau to handle culture, sports and tourism affairs, and streamlining bureaus to focus on affairs related to youth policy, housing and pandemic control.	1	China Daily	ASIA-PACIFIC	12 January 2022	https://www.chinadaily.com.cn/a/202201/12/WS61de6e57a310cdd39bc80987.html		
7	Chinese men's ice hockey team scored two historic goals in its second game of the Beijing Winter Olympics, but still lost 3-2 to world No 5 Germany.	1	China Daily	ASIA-PACIFIC	12 February 2022	https://www.chinadaily.com.cn/a/202202/12/WS6207a6aaa310cdd39bc86408.html		
8	Chinese Ambassador to the United States Qin Gang test drove a Sany excavator in Peachtree City, Georgia, on May 12, 2022.	1	China Daily	ASIA-PACIFIC	14 May 2022	https://global.chinadaily.com.cn/a/202205/14/WS627ef3eea310fd2b29e5caf8.html		
9	President Xi Jinping praised Ta Kung Pao, known as the oldest Chinese-language newspaper still in circulation in the world, for its role in serving the country and maintaining prosperity and stability in the Hong Kong Special Administrative Region, urging it to write a new chapter for national rejuvenation in the new era.	1	China Daily	ASIA-PACIFIC	13 June 2022	https://www.chinadaily.com.cn/a/202206/13/WS62a675c6a310fd2b29e62380.html		
10	President Xi Jinping visited Xinjiang University in the city of Urumqi, capital of Northwest China's Xinjiang Uygur autonomous region, July 12, 2022. 	1	China Daily	ASIA-PACIFIC	17 July 2022	https://www.chinadaily.com.cn/a/202207/17/WS62d3c878a310fd2b29e6cc36.html		
11	Prime Minister Narendra Modi invited US President Joe Biden to be the chief guest at the January 26 Republic Day celebrations during their bilateral meeting on the sidelines of the 2023 G20 summit.	1	The Times of India	ASIA-PACIFIC	20 September 2023	https://timesofindia.indiatimes.com/india/pm-modi-invited-us-president-joe-biden-to-january-26-republic-day-parade-american-ambassador-eric-garcetti/articleshow/103809284.cms		
12	Honda Motorcycle and Scooter India (HMSI) reported total sales of 338,310 units, witnessing a decline of 23.7% in July 2023.	1	The Times of India	ASIA-PACIFIC	2 August 2023	https://timesofindia.indiatimes.com/auto/bikes/honda-motorcycle-scooter-india-sales-decline-24-in-july-2023/articleshow/102346145.cms		
13	Rakshit Shetty put off trip to the US in 2023 so he could vote.	1	The Times of India	ASIA-PACIFIC	12 May 2023	https://timesofindia.indiatimes.com/entertainment/kannada/movies/news/rakshit-shetty-put-off-trip-to-the-us-so-he-could-vote/articleshow/100163577.cms		
14	Mumbai court accepted Javed Akhtar's application seeking early hearing in defamation case against Kangana Ranaut.	1	The Times of India	ASIA-PACIFIC	5 March 2023	https://timesofindia.indiatimes.com/entertainment/hindi/bollywood/news/mumbai-court-accepts-javed-akhtars-application-seeking-early-hearing-in-defamation-case-against-kangana-ranaut/articleshow/98429095.cms		
15	Former Pakistan president Pervez Musharraf was buried in Karachi.	1	The Times of India	ASIA-PACIFIC	8 February 2023	https://timesofindia.indiatimes.com/world/pakistan/musharraf-buried-in-karachi/articleshow/97707264.cms		
16	Broward County in Florida declared November as 'Hindu Heritage Month'.	1	The Times of India	ASIA-PACIFIC	12 September 2023	https://timesofindia.indiatimes.com/world/us/india-and-us/broward-county-in-florida-declares-november-as-hindu-heritage-month/articleshow/103611072.cms		
17	Kolkata Knight Riders defeated in-form Rajasthan Royals by seven wickets to snap their five-match losing streak in the Indian Premier League in 2022.	1	The Times of India	ASIA-PACIFIC	3 May 2022	https://economictimes.indiatimes.com/news/newsblogs/daily-news-and-latest-updates-live-02-may-2022/liveblog/91245864.cms		
18	According to PM Modi in 2022, in last 7-8 years Indian govt transferred over Rs 22 lakh crore through direct benefits transfer to beneficiaries' bank accounts.	1	The Times of India	ASIA-PACIFIC	2 May 2022	https://economictimes.indiatimes.com/news/newsblogs/daily-news-and-latest-updates-live-02-may-2022/liveblog/91245864.cms		
19	Prime Minister Narendra Modi inaugurated the seventh edition of the Raisina dialogue on April 25, 2022.	1	The Times of India	ASIA-PACIFIC	25 April 2022	https://timesofindia.indiatimes.com/india/pm-modi-to-inaugurate-7th-edition-of-raisina-dialogue-today/articleshow/91060493.cms		
20	Prime Minister Narendra Modi announced that India's tiger population increased to 3,167 in 2022 from 2,967.	1	The Times of India	ASIA-PACIFIC	9 April 2023	https://timesofindia.indiatimes.com/india/indias-tiger-population-up-from-2967-to-3167-in-2022-pm-modi/articleshow/99356138.cms?from=mdr		
21	Gazan authorities have announced the discovery of a Roman-era cemetery consisting of more than 60 tombs in the north of the Palestinian enclave.	1	Xinhua	ASIA-PACIFIC	12 December 2022	http://english.news.cn/20221212/cb939b9647cc46729a85d51b5a924330/c.html		
22	In 2022, China launched cargo craft Tianzhou-5 for space station supplies.	1	Xinhua	ASIA-PACIFIC	12 November 2022	https://english.news.cn/20221112/e018e86cb2a14df080bd4b93a1831f4b/c.html		
23	In Nov 2022, Chinese Premier Li Keqiang met with International Monetary Fund (IMF) Managing Director Kristalina Georgieva on the sidelines of the leaders' meetings on East Asia cooperation.	1	Xinhua	ASIA-PACIFIC	13 November 2022	https://english.news.cn/20221113/90cf0407fb1345599d46d21423cec5b2/c.html		
24	The press center for the upcoming 20th National Congress of the Communist Party of China (CPC) officially opened on Oct 12th 2022 to provide services for journalists covering the congress.	1	Xinhua	ASIA-PACIFIC	12 October 2022	https://english.news.cn/20221012/31e2b8941b524265bf7684f1e71465b7/c.html		
25	Chinese Vice President Wang Qishan visited the British embassy in Beijing in 2022 to mourn the passing of Queen Elizabeth II of the United Kingdom.	1	Xinhua	ASIA-PACIFIC	12 September 2022	https://english.news.cn/20220912/bbe88d3284c04ca3bffbeee2397f8f32/c.html		
26	The Imo State Government White Paper Implementation Committee on Lands and other Related Matters said it has recovered and returned a total of 987 properties from former governor of the State, Rochas Okorocha, to their owners.	1	The Sun	AFRICA	30 November 2021	https://sunnewsonline.com/987-properties-recovered-from-okorocha-returned-to-owners-imo-govt-reveals/		
27	Performance Director of the Athletics Federation of Nigeria (AFN), former 400m hurdler, Victor Okorie, has joined the ‘Team Leaders Site Visit’ for a tour of facilities in the U.S. city of Eugene, Oregon, ahead of the 2022 World Athletics Championship.	1	The Sun	AFRICA	9 November 2021	https://sunnewsonline.com/afn-director-okorie-joins-team-leaders-tour-in-usa/		
28	In Nov 2021, stray bullet of a vigilante operative in Oraifite street, Enekwasimpu Obosi layout in Idemili North Local Government Area of Anambra state has reportedly killed a 24-year-old only son of his family.	1	The Sun	AFRICA	15 November 2021	https://sunnewsonline.com/stray-bullet-kills-only-son-in-anambra/		
29	Access Bank Art X Prize has announced Chigozie Obi as the winner of its 2021 art competition.	1	The Sun	AFRICA	11 October 2021	https://sunnewsonline.com/access-bank-announces-winner-of-n1-8-million-art-x-prize/		
30	National Association of Nigeria Travel Agencies (NANTA) has accused the US Embassy in Nigeria of stigmatisation after a US consulate official said visa facilitators and travel agents, especially in Lagos, were responsible for the delay in securing visa appointments.	1	The Sun	AFRICA	09 February 2022	https://sunnewsonline.com/travel-agents-accuse-us-consulate-of-bias/		
31	Former Registrar, Joint Admission and Matriculation Board (JAMB), Prof. Adedibu Ojerinde, opted for a plea bargain with the Independent Corrupt Practices and other related offences Commission (ICPC) in the alleged N5 billion fraud case against him.	1	The Sun	AFRICA	9 February 2022	https://sunnewsonline.com/n5bn-fraud-ex-jamb-registrar-ojerinde-seeks-plea-bargain/		
32	The burial of the late Mrs Hope Kelechi Nnadi was at Umuafom Orogwe, Owerri-West LGA, Imo State on Wednesday, February 23, 2022	1	The Sun	AFRICA	27 February 2022	https://sunnewsonline.com/the-burial-of-the-late-mrs-hope-kelechi-nnadi-at-umuafom-orogwe-owerri-west-lga-imo-state-on-wednesday-february-23-2022/?expand_article=1		
33	In one of the Kebbi attacks, 18 soldiers were killed on March 8th 2022, while eight others were injured in a deadly ambush on their patrol team by terrorists in Kanya community of Danko Wasagu Local Government Area of the state.	1	The Sun	AFRICA	16 March 2022	https://sunnewsonline.com/the-massacre-in-niger-kebbi/		
34	The Nigeria Extractive Industries Transparency Initiative (NEITI) released its 2020 audit report which shows that 51 oil and gas companies owe the federal government $3.17 billion (N1.32 trillion).	1	The Sun	AFRICA	7 March 2022	https://sunnewsonline.com/51-firms-owe-fg-n1-32-trillion-neiti-audit-report-says/		
35	In 2022, Edo communities protested Okomu oil palm company over alleged marginalisation, oppression.	1	The Sun	AFRICA	5 May 2022	https://sunnewsonline.com/edo-communities-protest-okomu-oil-palm-company-over-alleged-marginalisation-oppression/		
36	Sharing of the largesse of the July 16th 2022 governorship election caused chaos in Ede, the hometown of the Osun State Governor-Elect, Ademola Adeleke, as three persons were killed and properties worth millions of naira destroyed.	1	The Sun	AFRICA	7 August 2022	https://sunnewsonline.com/3-killed-property-destroyed-as-osun-politicians-fight-over-election-largesse/		
37	The International Bridge connecting Nigeria and Benin Republic in Chakanda, Baruten Local Government Area of Kwara State, collapsed following a heavy downpour in Aug 2022.	1	The Sun	AFRICA	16 August 2022	https://sunnewsonline.com/bridge-connecting-nigeriabenin-republic-collapses/		
38	Former member of the House of Representatives Mrs Doris Uboh has said the recent feats of Nigerian women in sports deserve to be celebrated.	1	The Sun	AFRICA	27 July 2022	https://sunnewsonline.com/uboh-celebrates-nigerian-women-in-sports/		
39	A non-governmental group, Owo is One Association (OIOA), has lauded stakeholders in the community’s traditional institution for the arrest of suspected gunmen who massacred scores of worshipers at Saint Francis Catholic Church, Owo, Ondo Stateon Sunday, June 5 2022.	1	The Sun	AFRICA	13 August 2022	https://sunnewsonline.com/owo-massacre-group-lauds-traditionalists-on-arrest-of-suspected-terrorists/		
40	According to a document from the United Nations Human Rights Council’s Working Group on Arbitrary Detention, the UN, has called on the  Nigerian Government to, “immediately release Kanu unconditionally” and pay him adequate compensations for the arbitrary violation of his fundamental human rights.	1	The Sun	AFRICA	23 July 2022	https://sunnewsonline.com/breaking-un-demands-immediate-release-of-nnamdi-kanu/		
41	The National Drug Law Enforcement Agency, NDLEA, arrested a trans-border drug dealer, Pastor Anietie Okon Effiong with three drums of crystal methamphetamine, locally called Mkpuru Mmiri, believed to have been imported from India.	1	The Sun	AFRICA	7 August 2022	https://sunnewsonline.com/pastor-arrested-with-3-drums-of-mkpuru-mmiri-in-akwa-ibom/		
42	On Friday 29 July, the Egyptian Ministry of Foreign Affairs sent a letter to the President of the UN Security Council to voice Egypt’s rejection of Ethiopia’s continued unilateral filling of the GERD’s lake, which is a violation of the 2015 Declaration of Principles Agreement and a clear violation of international agreements.	1	Daily News Egypt	AFRICA	8 August 2022	https://www.dailynewsegypt.com/2022/08/08/gerds-reservoir-reaches-7bn-cbm-no-reason-for-fear-expert/		
43	In 2018, a hot air balloon crashed in Luxor due to bad weather, killing a South African tourist and wounding 12 others.	1	Daily News Egypt	AFRICA	18 July 2022	https://www.dailynewsegypt.com/2022/07/18/egypts-civil-aviation-ministry-suspends-hot-air-balloons-after-luxor-incident/		
44	Al-Sisi pardoned human rights lawyer, politician Zyad El-Elaimy after 3 years in prison	1	Daily News Egypt	AFRICA	24 October 2022	https://www.dailynewsegypt.com/2022/10/24/al-sisi-pardons-human-rights-lawyer-politician-zyad-el-elaimy-after-3-years-in-prison/		
45	 Egypt’s Foreign Minister Sameh Shoukry and his Greek counterpart Nikos Dendias signed a maritime search and rescue agreement in Cairo in Nov 2022.	1	Daily News Egypt	AFRICA	22 November 2022	https://www.dailynewsegypt.com/2022/11/22/egypt-greece-sign-agreement-on-maritime-rescue/		
46	President Abdel Fattah Al-Sisi gave the green-light to Egyptian sports authorities to make a bid to host the 2036 Olympic Games.	1	Daily News Egypt	AFRICA	24 September 2022	https://www.dailynewsegypt.com/2022/09/24/al-sisi-approves-egypts-bid-to-host-2036-olympic-games/		
47	Rania Al-Mashat, Minister of International Cooperation, and Michele Quaroni, Italian Ambassador to Egypt, presided over the periodic meeting of the Committee for the Management of Local Remuneration for the Egyptian-Italian Debt Swap Program for Development.	1	Daily News Egypt	AFRICA	2 November 2022	https://www.dailynewsegypt.com/2022/11/02/egyptian-italian-debt-swap-programme-begins-procedures-for-fourth-tranche/		
48	Egypt’s President Abdel Fattah Al-Sisi received CEO of Maersk Soren Seko to discuss a project to produce clean fuel for ships in Egypt with $15bn investment.	1	Daily News Egypt	AFRICA	19 September 2022	https://www.dailynewsegypt.com/2022/09/19/egypts-al-sisi-maersk-ceo-discuss-15bn-project-to-produce-green-fuel-for-ships/		
49	ِEgypt’s fintech startup Nexta secured $3 investment led by e-finance in Oct 2022.	1	Daily News Egypt	AFRICA	23 October 2022	https://www.dailynewsegypt.com/2022/10/23/%D9%90egypts-fintech-startup-nexta-secures-3-investment-led-by-e-finance/		
50	Egypt KOICA signed $8m agreement to enhance educational capacity of Beni-Suef Technological University.	1	Daily News Egypt	AFRICA	21 September 2023	https://www.dailynewsegypt.com/2023/09/21/egypt-koica-sign-8m-agreement-to-enhance-educational-capacity-of-beni-suef-technological-university/		
51	Turkey's Rumeysa Gelgi, who stands at 215.16cm (7ft 0.7in), was declared the tallest woman alive in 2021.	1	Khaleej Times	MIDDLE EAST	13 October 2021	https://www.khaleejtimes.com/offbeat/video-24-year-old-declared-worlds-tallest-woman-alive		
52	Dubai’s property sector reached a new milestone in the third quarter of 2021, as it became the best third quarter ever in terms of transaction value in the history of the emirate’s real estate sector.	1	Khaleej Times	MIDDLE EAST	13 October 2021	https://www.khaleejtimes.com/property/dubai-property-records-highest-ever-third-quarterly-sales-transaction-at-dh42-35-billion		
53	The Mohammed Bin Rashid Space Centre (MBRSC) has joined forces with Airbus Defence and Space for the Emirates Lunar Mission.	1	Khaleej Times	MIDDLE EAST	28 October 2021	https://www.khaleejtimes.com/uae/uae-mbrsc-airbus-partner-for-emirates-lunar-mission		
54	Sheikh Hamdan bin Mohammed bin Rashid Al Maktoum, Crown Prince of Dubai and Chairman of The Executive Council, announced the merger of the Dubai Economy and Department of Tourism and Commerce Marketing and appointed Helal Saeed Al Marri as director-general of the new department.	1	Khaleej Times	MIDDLE EAST	6 November 2021	https://www.khaleejtimes.com/government/dubai-sheikh-hamdan-announces-merger-of-ministry-of-economy-department-of-tourism		
55	Arab world's legendary singer, Sabah Fakhri, dies at 88.	1	Khaleej Times	MIDDLE EAST	2 November 2021	https://www.khaleejtimes.com/mena/arab-worlds-legendary-singer-sabah-fakhri-dies-at-88		
56	Khalifa University and the United Arab Emirates University have been listed in the 351-400 bracket of the Times Higher Education World University Rankings 2022.	1	Khaleej Times	MIDDLE EAST	2 September 2021	https://www.khaleejtimes.com/uae/two-uae-universities-rank-among-worlds-top-400		
57	Dubai World Trade Centre (DWTC) launched its Food For Future Summit and Expo in association with Expo 2020 Dubai’s Food, Agriculture and Livelihoods Week in 2022.	1	Khaleej Times	MIDDLE EAST	28 January 2022	https://www.khaleejtimes.com/business/dwtc-launches-food-for-future-summit-and-expo		
58	The UAE’s Ministry of Interior banned drones and light sports aircraft for owners, practitioners and enthusiasts in 2022.	1	Khaleej Times	MIDDLE EAST	23 January 2022	https://www.khaleejtimes.com/government/uae-bans-drones-fines-jail-term-all-you-need-to-know		
59	Islamic Fintech startup IMAN, closed a $1 million in seed funding in Feb 2022 to introduce a new financial product that is Shariah-compliant in Muslim markets.	1	Khaleej Times	MIDDLE EAST	22 February 2022	https://www.khaleejtimes.com/business/iman-closes-1m-in-seed-funding-round		
60	Sheikh Khalifa bin Zayed Al Nahyan passed away on Friday, May 13, 2022.	1	Khaleej Times	MIDDLE EAST	13 May 2022	https://www.khaleejtimes.com/uae/sheikh-khalifa-passes-away-mohamed-bin-zayed-mourns-loss-of-brother-and-mentor		
61	In 2022, Khaleej Times, UAE's first and leading English daily news publication announced an exclusive programmatic display partnership deal with AndBeyond.Media, the new-age and tech-first ad solutions business.	1	Khaleej Times	MIDDLE EAST	24 May 2022	https://www.khaleejtimes.com/uae/khaleej-times-appoints-andbeyond-media-as-preferred-partner-for-programmatic-ads		
62	President Widodo invited Sheikh Mohamed to attend the G20 Summit in Indonesia.	1	Khaleej Times	MIDDLE EAST	4 May 2022	https://www.khaleejtimes.com/uae/sheikh-mohamed-indonesian-president-discuss-strengthening-ties		
63	CBRE said the total volume of transactions in Dubai’s residential market surged 33 per cent to 5,542 in May 2022.	1	Khaleej Times	MIDDLE EAST	14 June 2022	https://www.khaleejtimes.com/property/dubai-property-transactions-hit-13-year-high-in-may		
64	Zywa, a teen-focused fintech startup re-imagining banking for Gen Z in the Middle East and North Africa, has announced a seed funding round of $3 million in 2022.	1	Khaleej Times	MIDDLE EAST	23 Aug 2022	https://www.khaleejtimes.com/business/hub71-teen-focused-fintech-startup-zywa-raises-3m-seed-round		
65	Dubai Police officers arrested a notorious drug dealer known as 'The Bat’ in a 10-day operation.	1	Khaleej Times	MIDDLE EAST	28 October 2022	https://www.khaleejtimes.com/crime/dubai-police-arrest-notorious-drug-dealer-the-bat		
66	In 2022, the world’s first true hybrid work experience center (HWEC) opened its doors to the public in Dubai Design District (d3).	1	Khaleej Times	MIDDLE EAST	16 November 2022	https://www.khaleejtimes.com/kt-network/worlds-first-hybrid-work-experience-centre-opens-in-dubai		
67	In 2022, Dr Mohamed Bechari, secretary general of the UAE-based World Muslim Communities Council, joined Islamic Coin as an executive board member. 	1	Khaleej Times	MIDDLE EAST	20 October 2022	https://www.khaleejtimes.com/kt-network/dr-mohamed-bechari-joins-islamic-coins-executive-board		
68	In 2022, the Saudi-Japanese Investment Forum in Riyadh resulted in the signing of 15 agreements covering technology, artificial intelligence, industry and clean energy.	1	Asharq Al-Awsat	MIDDLE EAST	27 December 2022	https://english.aawsat.com/home/article/4065746/saudi-arabia-japan-sign-15-agreements-establishing-qualitative-partnership		
69	The Iran-backed Houthi group unilaterally released Yemeni military commander Major General Faisal Rajab eight years after his arrest.	1	Asharq Al-Awsat	MIDDLE EAST	1 May 2023	https://english.aawsat.com/home/article/4303926/houthis-release-faisal-rajab-8-years-after-his-arrest		
70	On March 18th 2023, a senior Russian officer arrived in Manbij countryside, selected about 30 experienced officers from the regime's 7th Division, and took them with their heavy equipment to the Idlib frontlines.	1	Asharq Al-Awsat	MIDDLE EAST	31 March 2023	https://english.aawsat.com/home/article/4245016/russian-forces-role-declines-syria-90-months-after-their-arrival		
71	Denmark will reduce its military presence in Iraq starting in early-2024 and instead focus on the Baltic countries, offering NATO a battalion to defend the region, the Nordic country's Defence Minister Troels Lund Poulsen said in May 2023.	1	Asharq Al-Awsat	MIDDLE EAST	3 May 2023	https://english.aawsat.com/home/article/4307911/denmark-reduce-its-military-presence-iraq		
72	In April 2023, the Gulf Cooperation Council hailed Saudi Arabia and its role in evacuating nationals of different Gulf and foreign countries besides its own from the battle-scarred country of Sudan.	1	Asharq Al-Awsat	MIDDLE EAST	25 April 2023	https://english.aawsat.com/home/article/4293441/gcc-hails-saudi-evacuation-efforts-sudan		
73	In April 2023, Saudi Minister of Foreign Affairs Prince Faisal bin Farhan bin Abdullah met in Riyadh with Abdoulaye Bathily, the Special Representative of the United Nations Secretary-General for Libya and Head of the UN Support Mission in Libya.	1	Asharq Al-Awsat	MIDDLE EAST	30 April 2023	https://english.aawsat.com/home/article/4303026/saudi-arabia-calls-stopping-foreign-interference-libya%E2%80%99s-affairs		
74	In March 2023, Azerbaijani Foreign Minister Jeyhun Bayramov inaugurated his country’s embassy in Tel Aviv.	1	Asharq Al-Awsat	MIDDLE EAST	30 March 2023	https://english.aawsat.com/home/article/4242536/azerbaijan-opens-embassy-israel-amid-tension-iran		
75	Algerian authorities decided to replace the French language with English at universities, starting the new academic year in September 2023.	1	Asharq Al-Awsat	MIDDLE EAST	3 July 2023	https://english.aawsat.com/arab-world/4412916-algeria-replace-french-language-english-its-universities		
1	Larry Nassar, the former sports doctor who is serving a decadeslong prison term for sexually abusing young female gymnasts, was stabbed multiple times during an altercation with another inmate in July 2023.	1	USA Today	NORTH AMERICA	10 July 2023	https://www.usatoday.com/story/sports/2023/07/10/larry-nassar-disgraced-ex-usa-gymnastics-doctor-stabbed-in-prison/70397013007/		
2	World champion sprinter and three-time Olympic medalist Tori Bowie died from complications of childbirth.	1	USA Today	NORTH AMERICA	12 June 2023	https://www.usatoday.com/story/sports/olympics/2023/06/12/tori-bowie-us-olympian-autopsy-complications-of-childbirth/70314997007/		
3	"In 2023,  Alef Aeronautics revealed its flying electric car “Model A"" was granted legal permission from the Federal Aviation Administration to test run the vehicle on the road and in the sky."	1	USA Today	NORTH AMERICA	30 June 2023	https://www.usatoday.com/story/money/cars/2023/06/30/first-flying-car-approved-by-faa-available-for-preorder/70372117007/		
4	In June 2023, the Supreme Court declined to hear an appeal from a Christian college in Missouri that sued the Biden administration over its decision to shield transgender people from housing discrimination.	1	USA Today	NORTH AMERICA	20 June 2023	https://www.usatoday.com/story/news/politics/2023/06/20/supreme-court-christian-school-transgender-housing-discriminiation/70334654007/		
5	In 2023, McDonald announced plans to transition away from self-serve beverage stations in US by 2032.	1	USA Today	NORTH AMERICA	11 September 2023	https://www.usatoday.com/story/money/food/2023/09/11/mcdonalds-to-remove-self-serve-soda-machines-by-2032/70828970007/		
6	Former Arkansas Gov. Asa Hutchinson said that Donald Trump should quit the 2024 presidential race if he's indicted.	1	USA Today	NORTH AMERICA	11 March 2023	https://www.usatoday.com/story/news/politics/2023/03/11/trump-quit-2024-race-indicted-hutchinson/11452360002/		
7	In March 2023, Gannett, the owner of USA TODAY, has appointed former McClatchy newsroom executive Kristin Roberts as chief content officer.	1	USA Today	NORTH AMERICA	6 March 2023	https://www.usatoday.com/story/money/2023/03/06/gannett-appoints-chief-content-officer-kristin-roberts/11411941002/		
8	Celebrity cheerleader La’Darius Marshall, who rose to fame after appearing on Netflix's “Cheer” docuseries, was suspended by cheerleading’s governing bodies related to a potential violation of the sport’s athlete protection policies.	1	USA Today	NORTH AMERICA	21 April 2023	https://www.usatoday.com/story/news/investigations/2023/04/21/ladarius-marshall-cheer-netflix-suspended-cheerleading-usasf/11703666002/		
9	Members of Taco Bell Rewards can get a free Breakfast Crunchwrap before 11 a.m. local time every Tuesday starting June 6th 2023.	1	USA Today	NORTH AMERICA	25 May 2023	https://www.usatoday.com/story/money/food/2023/05/25/taco-bell-free-breakfast-crunchwrap/70256888007/		
10	In May 2023, an FDA advisory panel unanimously recommended the agency allow a birth control pill to be available over the counter in the U.S. for the first time.	1	USA Today	NORTH AMERICA	10 May 2023	https://www.usatoday.com/story/news/nation/2023/05/10/fda-panel-birth-control-pill-over-the-counter-opill-perrigo/70199156007/		
11	According to a draft guidelines released in May 2023 by the United States Preventive Services Task Force, women should be screened for breast cancer every other year starting at age 40 instead of 50.	1	USA Today	NORTH AMERICA	9 May 2023	https://www.usatoday.com/story/news/health/2023/05/09/breast-cancer-mammograms-should-begin-at-age-40-new-guidelines-say/70185090007/		
12	Toronto Mayor John Tory resigned after admitting to an inappropriate relationship with a woman who had worked in his office.	1	The Toronro Star	NORTH AMERICA	10 February 2023	https://www.thestar.com/news/gta/mayor-john-tory-steps-down-from-office-after-admitting-he-had-relationship-with-staffer/article_8fee1800-df78-5a15-bc44-ea360564a468.html		
13	Toronto-born filmmaker and artist Michael Snow was dead at 94.	1	The Toronro Star	NORTH AMERICA	6 January 2023	https://www.thestar.com/entertainment/visual-arts/toronto-born-michael-snow-a-giant-in-the-art-world-dead-at-94/article_db94061f-f2c8-507d-a7c6-3ee723b2854f.html		
14	Former TIFF co-director Noah Cowan, who became a major player in the rise to global prominence of the Toronto International Film Festival, has died at the age of 55.	1	The Toronro Star	NORTH AMERICA	26 January 2023	https://www.thestar.com/entertainment/former-tiff-co-director-noah-cowan-is-dead-at-the-age-of-55/article_542b1a2d-c863-5d14-bc2b-f17f56632a58.html		
15	Toronto Mayor John Tory has announced plans to increase the police budget by almost $50 million for 2023.	1	The Toronro Star	NORTH AMERICA	3 January 2023	https://www.thestar.com/news/gta/city-hall/mayor-john-tory-wants-48-3-million-increase-in-toronto-police-budget-despite-covid-19/article_95db9d33-5c6c-58f9-8948-b41daab93244.html		
16	Michael Finlay, a longtime former CBC Radio journalist, died from medical complications a week after a random assault on a Danforth Avenue sidewalk.	1	The Toronro Star	NORTH AMERICA	1 February 2023	https://www.thestar.com/news/gta/brilliant-former-cbc-radio-journalist-dies-week-after-random-attack-on-danforth-avenue/article_e046c9a1-bb97-5a0f-8dbe-3c03f39fd6bd.html		
17	In December 2022, Shopify confirmed that it no longer intended to expand to massive new Toronto office space, citing shift toward remote-first.	1	The Toronro Star	NORTH AMERICA	14 December 2022	https://www.thestar.com/business/shopify-confirms-it-no-longer-intends-to-expand-to-massive-new-toronto-office-space-citing/article_01f1a086-96dc-50d9-a84d-4d575d892092.html		
18	In December 2022, the Senate unanimously approved legislation that would ban the use of TikTok on government phones and devices as part of the push to combat security concerns related to the Chinese-owned social media company. 	1	The Hill	NORTH AMERICA	14 December 2022	https://thehill.com/policy/technology/3775845-senate-votes-to-ban-tiktok-use-on-government-devices/		
19	In September 2022, President Biden declared the coronavirus pandemic “over” in an interview.	1	The Hill	NORTH AMERICA	18 September 2022	https://thehill.com/policy/healthcare/3649751-biden-the-pandemic-is-over/		
20	In November 2022, the Biden administration announced that it would stop accepting student loan forgiveness applications after a federal judge ruled against the program.	1	The Hill	NORTH AMERICA	11 November 2022	https://thehill.com/homenews/administration/3731003-biden-admin-stops-accepting-student-loan-forgiveness-applications/		
21	In 2022, a Connecticut jury ordered Infowars host Alex Jones to pay nearly $1 billion in damages to the family of victims of the 2012 Sandy Hook school shooting.	1	The Hill	NORTH AMERICA	12 October 2022	https://thehill.com/regulation/court-battles/3685141-jury-orders-alex-jones-to-pay-nearly-1-billion-to-families-of-sandy-hook-victims/		
22	In September 2022, the Centers for Disease Control and Prevention no longer recommended universal masking in health care settings, unless the facilities are in areas of high COVID-19 transmission.	1	The Hill	NORTH AMERICA	26 September 2022	https://thehill.com/homenews/state-watch/3661963-cdc-no-longer-recommends-universal-masking-in-health-facilities/		
23	In 2022, the Department of Defense (DOD) said that it will allow its networks to access abortion-related websites, permitting military and civilian personnel to access those sites on the agency’s computers.	1	The Hill	NORTH AMERICA	6 July 2022	https://thehill.com/policy/defense/3547898-pentagon-allows-networks-to-access-abortion-related-websites/		
24	In June 2022, a bipartisan group of 20 senators led by Sens. Chris Murphy (D-Conn.) and John Cornyn (R-Texas) announced they have agreed to “a commonsense proposal” to curb gun violence in response to the mass shooting in Uvalde, Texas, that left 21 people dead at Robb Elementary School.  	1	The Hill	NORTH AMERICA	12 June 2022	https://thehill.com/homenews/senate/3520461-senators-announce-bipartisan-agreement-on-gun-proposals/		
25	In June 2022, the Supreme Court struck down Roe v. Wade, eliminating the nearly 50-year-old constitutional right to abortion and handing states authority to drastically limit or ban the procedure.	1	The Hill	NORTH AMERICA	24 June 2022	https://thehill.com/regulation/court-battles/3523884-supreme-court-strikes-down-roe-v-wade/		
26	In Nov 2021, Salvador announced that the cancellation of public New Year's Eve parties in the city. The cities of Florianópolis and Belo Horizonte had already made a similar decision.	1	Folha de S.Paulo	LATIN AMERICA	30 November 2021	https://www1.folha.uol.com.br/internacional/en/brazil/2021/11/salvador-cancels-new-years-eve-party-rio-and-manaus-to-hold-event.shtml		
27	In 2021, according to the IBGE (Brazilian Institute of Geography and Statistics), the total number of favelas in Brazil had more than doubled in the last decade, jumping from 6,329 to 13,151.	1	Folha de S.Paulo	LATIN AMERICA	14 October 2021	https://www1.folha.uol.com.br/internacional/en/business/2021/10/in-10-years-number-of-favelas-doubled-in-brazil.shtml		
28	Marília Mendonça, who became the most listened to singer in the country when she pioneered a musical genre recognized for the machismo of its lyrics, died in a plane crash in Minas Gerais. She was 26 years old.	1	Folha de S.Paulo	LATIN AMERICA	8 November 2021	https://www1.folha.uol.com.br/internacional/en/culture/2021/11/airplane-accident-kills-marilia-mendonca-at-age-26.shtml		
29	In Dec 2021, Grupo Itapemirim announced that it temporarily suspended the operations of its airline, ITA (Itapemirim Transportes Aéreos), for an internal restructuring.	1	Folha de S.Paulo	LATIN AMERICA	20 December 2021	https://www1.folha.uol.com.br/internacional/en/business/2021/12/itapemirim-transportes-aereos-suspends-all-flights.shtml		
30	The Civil Police of Rio launched an operation to arrest suspects involved in the death of three boys who disappeared in the Castelar community, in Belford Roxo (RJ), in 2020.	1	Folha de S.Paulo	LATIN AMERICA	10 December 2021	https://www1.folha.uol.com.br/internacional/en/brazil/2021/12/rio-police-arrest-16-in-the-death-of-boys-from-belford-roxo.shtml		
31	In 2022, the Ministry of Women, Family and Human Rights, headed by Damares Alves, produced a technical note, forwarded to other ministries, in which it opposes the vaccine passport and the mandatory application of pediatric doses against Covid.	1	Folha de S.Paulo	LATIN AMERICA	28 January 2022	https://www1.folha.uol.com.br/internacional/en/scienceandhealth/2022/01/bolsonaro-minister-offers-hotline-to-anti-vaccination-people-who-experience-discrimination.shtml		
32	In 2022, the municipality of Marabá, in the southeast of Pará, faced the biggest floods of the last 20 years in the region.	1	Folha de S.Paulo	LATIN AMERICA	19 January 2022	https://www1.folha.uol.com.br/internacional/en/brazil/2022/01/historic-flood-forces-3000-families-away-from-homes-in-the-north-region.shtml		
33	"In the opening words of his private meeting with Russian President Vladimir Putin, Jair Bolsonaro said that ""we are in solidarity with Russia."" "	1	Folha de S.Paulo	LATIN AMERICA	17 February 2022	https://www1.folha.uol.com.br/internacional/en/world/2022/02/bolsonaro-we-are-in-solidarity-with-russia.shtml		
34	In 2022, a five-year-old Brazilian boy was recognized as the youngest person in the world to identify an asteroid. 	1	Folha de S.Paulo	LATIN AMERICA	8 February 2022	https://www1.folha.uol.com.br/internacional/en/scienceandhealth/2022/02/5-year-old-brazilian-is-the-youngest-to-discover-asteroid-in-the-world.shtml		
35	Luiz Antônio Bizarro, the singer, producer and composer from São Paulo died at age 73. 	1	Folha de S.Paulo	LATIN AMERICA	2 February 2022	https://www1.folha.uol.com.br/internacional/en/culture/2022/02/tony-bizarro-considered-one-of-the-most-important-names-in-brazilian-soul-music-dies.shtml		
36	Education Minister Milton Ribeiro was dismissed after suspicions of corruption with MEC Business Desk.	1	Folha de S.Paulo	LATIN AMERICA	29 March 2022	https://www1.folha.uol.com.br/internacional/en/brazil/2022/03/minister-of-education-is-dismissed-after-suspicions-of-corruption-with-mec-business-desk.shtml		
37	In his first meeting with the international press, at Palácio de la Moneda, in Santiago, the newly sworn-in president of Chile, Gabriel Boric, stated that he wants to have a good relationship with Brazil. 	1	Folha de S.Paulo	LATIN AMERICA	15 March 2022	https://www1.folha.uol.com.br/internacional/en/world/2022/03/new-president-of-chile-wants-a-good-relationship-with-brazil.shtml		
38	Accused of racism against Corinthians fans, Argentine trader Leonardo Ponzo, 42, did not even pay the R$3,000 bail imposed on him. The Argentine consulate paid the amount to São Paulo. 	1	Folha de S.Paulo	LATIN AMERICA	28 April 2022	https://www1.folha.uol.com.br/internacional/en/sports/2022/04/argentine-consulate-paid-bail-of-boca-fan-accused-of-racism-in-sao-paulo.shtml		
39	"The businessman and billionaire Jorge Paulo Lemann said in a debate at the Brazil Conference that ""We have an election going on in Brazil and we will have a new president. My basic objective in Brazil is to try to improve education. We are preparing a new kit on how to improve education in Brazil, which I think Brazil needs most."""	1	Folha de S.Paulo	LATIN AMERICA	11 April 2022	https://www1.folha.uol.com.br/internacional/en/business/2022/04/we-will-have-a-new-president-in-brazil-next-year-says-jorge-paulo-lemann.shtml		
40	US President Joe Biden and Brazilian President Jair Bolsonaro attended a bilateral meeting at the 9th Summit of the Americas in Los Angeles, California, June 9, 2022.	1	Folha de S.Paulo	LATIN AMERICA	10 June 2022	https://www1.folha.uol.com.br/internacional/en/world/2022/06/bolsonaro-tells-biden-that-he-will-exit-the-presidency-in-a-democratic-way.shtml		
41	In June 2022, former Bolivian President rejected Jair Bolsonaro's offer for asylum in Brazil.	1	Folha de S.Paulo	LATIN AMERICA	30 June 2022	https://www1.folha.uol.com.br/internacional/en/world/2022/06/former-bolivian-president-rejects-bolsonaros-offer-for-asylum-in-brazil.shtml		
42	In July 2022, a Bolsonaro federal criminal police officer invaded a birthday party and shot and killed PT member Marcelo Aloizio de Arruda in Foz do Iguaçu. 	1	Folha de S.Paulo	LATIN AMERICA	11 July 2022	https://www1.folha.uol.com.br/internacional/en/brazil/2022/07/bolsonaro-supporter-invades-birthday-party-and-kills-pt-politician.shtml		
43	The Brazilian Army withdrew from participating in the 2022 International Army Games organized by Russia.	1	Folha de S.Paulo	LATIN AMERICA	16 August 2022	https://www1.folha.uol.com.br/internacional/en/world/2022/08/brazilian-army-avoids-military-competition-organized-by-russia.shtml		
44	Investment by Chinese companies in Brazil more than tripled in 2021, returning to pre-Covid pandemic levels.	1	Folha de S.Paulo	LATIN AMERICA	31 August 2022	https://www1.folha.uol.com.br/internacional/en/business/2022/08/brazil-becomes-chinas-main-investment-destination.shtml		
45	"On social media, President Jair Bolsonaro called Queen Elizabeth II ""an extraordinary and unique woman, whose example of leadership, humility, and love for her country will continue to inspire us and the whole world until the end of time."""	1	Folha de S.Paulo	LATIN AMERICA	9 September 2022	https://www1.folha.uol.com.br/internacional/en/world/2022/09/bolsonaro-declares-3-days-of-mourning-for-queen-elizabeth-ii.shtml		
46	In 2022, Argentine police arrested a man who allegedly tried to fire a pistol at Vice President Cristina Kirchner as she arrived home in the Recoleta neighborhood of Buenos Aires.	1	Folha de S.Paulo	LATIN AMERICA	2 September 2022	https://www1.folha.uol.com.br/internacional/en/world/2022/09/brazilian-man-arrested-in-argentina-for-trying-to-shoot-cristina-kirchner.shtml		
47	Bolsonarist federal deputy Carla Zambelli pulled out a gun and pointed it at people on a Saturday of Oct 2022, in São Paulo.	1	Folha de S.Paulo	LATIN AMERICA	30 October 2022	https://www1.folha.uol.com.br/internacional/en/brazil/2022/10/carla-zambelli-points-a-gun-at-people-in-sao-paulo.shtml		
48	Thaynã Higor, 25, a three-time world champion in jiu-jitsu, was shot in the head in front of a restaurant in Praia Grande, on the coast of São Paulo.	1	Folha de S.Paulo	LATIN AMERICA	14 October 2022	https://www1.folha.uol.com.br/internacional/en/sports/2022/10/gunman-kills-three-time-jiu-jitsu-world-champion-in-praia-grande-on-the-coast-of-sao-paulo.shtml		
49	In 2022, singer-songwriter Gilberto Gil, 80 years old, and his wife Flora Gil, 62 years old, were harassed by Brazilian fans in Qatar, as they walked down a corridor to watch the match between Brazil and Serbia at the Lusail stadium.	1	Folha de S.Paulo	LATIN AMERICA	28 November 2022	https://www1.folha.uol.com.br/internacional/en/culture/2022/11/gilberto-gil-is-harassed-by-brazilian-fans-at-stadium-in-qatar.shtml		
50	In 2022, Katiuscia Torres Soares, 34, known as Kat Torres or Kat A Luz, was arrested in Minas Gerais on suspicion of keeping people in conditions analogous to slavery in the United States, among other possible crimes.	1	Folha de S.Paulo	LATIN AMERICA	22 November 2022	https://www1.folha.uol.com.br/internacional/en/brazil/2022/11/influencer-kat-torres-suspected-of-human-trafficking-and-quackery-in-the-us-is-arrested-in-brazil.shtml		
51	Germany’s finance minister Christian Lindner rejected EU plans for a de facto ban on the sale of new combustion engines cars by 2035.	1	Financial Times	EUROPE	Jun 21, 2022	https://www.ft.com/content/fdf77aaf-9798-4a64-a041-95762d72d14b		
52	In 2022, TikTok abandoned plans to expand its live ecommerce initiative in Europe and the US, after the social media platform’s foray into QVC-style shopping in the UK was hit by internal problems and struggled to gain traction with consumers.	1	Financial Times	EUROPE	5 July 2022	https://www.ft.com/content/07b75caf-b2ab-4ace-9bb8-68d42f1da823		
53	French couple Christel and Luc Fockaert won legal fight and were awarded €110,000 after over health problems they claim were caused by windfarm.	1	The Guardian	EUROPE	8 November 2021	https://www.theguardian.com/world/2021/nov/08/french-couple-wins-legal-fight-wind-turbine-syndrome-windfarm-health		
54	In Oct 2021, Cambridge University halted £400m deal with UAE over Pegasus spyware claims.	1	The Guardian	EUROPE	14 October 2021	https://www.theguardian.com/education/2021/oct/14/cambridge-university-halts-400m-deal-with-uae-over-pegasus-spyware-claims		
55	In Dec 2021, European Union foreign ministers agreed to slap sanctions on targets linked to the Russian private military company Wagner, accused of acting to destabilize Ukraine and parts of Africa.	1	The Moscow Times	EUROPE	13 December 2021	https://www.themoscowtimes.com/2021/12/13/eu-imposes-sanctions-targeting-russias-wagner-group-a75805		
56	In Dec 2021, Russia’s Supreme Court ordered the shuttering of Memorial, Russia’s oldest human rights watchdog, for repeatedly violating the country’s foreign agent law.	1	The Moscow Times	EUROPE	28 December 2021	https://www.themoscowtimes.com/2021/12/28/russian-court-orders-closure-of-renowned-rights-group-memorial-a75674		
57	In Nov 2021, U.S. Central Intelligence Agency director William Burns met the head of Russia's powerful Security Council for talks in Moscow.	1	The Moscow Times	EUROPE	2 November 2021	https://www.themoscowtimes.com/2021/11/02/cia-head-meets-russian-security-council-chief-in-moscow-a75473		
58	Nikolai Romanov, a Covid-denying rogue Russian monk who barricaded himself in a monastery last year with dozens of followers was sentenced to 3.5 years in prison in Nov 2021.	1	The Moscow Times	EUROPE	30 November 2021	https://www.themoscowtimes.com/2021/11/30/rogue-russian-monk-sentenced-to-35-years-in-prison-a75706		
59	"In Dec 2021, Russian President Vladimir Putin said that the conflict in eastern Ukraine between Kiev's army and pro-Russian separatists ""looks like genocide,"""	1	The Moscow Times	EUROPE	10 December 2021	https://www.themoscowtimes.com/2021/12/10/putin-says-conflict-in-eastern-ukraine-looks-like-genocide-a75780		
60	In Feb 2022, Russia’s State Duma backed a resolution calling for diplomatic recognition of Eastern Ukraine’s pro-Russian Donbas People’s Republics.	1	The Moscow Times	EUROPE	15 February 2022	https://www.themoscowtimes.com/2022/02/15/russian-parliament-backs-plan-to-recognize-breakaway-ukrainian-regions-a76381		
61	In Feb 2022, Russia expelled the United States' deputy chief of mission to Moscow at the height of bilateral tensions over the Ukraine crisis.	1	The Moscow Times	EUROPE	17 February 2022	https://www.themoscowtimes.com/2022/02/17/russia-expels-deputy-chief-of-us-mission-in-moscow-reports-a76434		
62	Russian President Vladimir Putin said he was ready for compromise and would look at proposals put forward by French leader Emmanuel Macron during talks in Feb 2022, while still blaming the West for raising tensions over Ukraine.	1	The Moscow Times	EUROPE	8 February 2022	https://www.themoscowtimes.com/2022/02/08/putin-says-ready-for-compromise-after-talks-with-macron-on-ukraine-a76292		
63	Russian forces bombarded Ukraine's capital during a visit by UN Secretary-General Antonio Guterres.	1	The Moscow Times	EUROPE	29 April 2022	https://www.themoscowtimes.com/2022/04/29/russia-strikes-kyiv-during-un-chiefs-visit-biden-asks-for-33bln-for-ukraine-a77511		
64	In May 2022, Russian President Vladimir Putin lashed out at Western countries and hailed Russian soldiers fighting in Ukraine as he addressed an annual military parade in Moscow that marks the Soviet Union’s defeat of Nazi Germany.	1	The Moscow Times	EUROPE	11 May 2022	https://www.themoscowtimes.com/2022/05/09/putin-hails-soldiers-fighting-in-ukraine-at-russias-victory-day-parade-a77623		
65	Russian President Vladimir Putin did not attend the funeral of the last Soviet leader Mikhail Gorbachev.	1	The Moscow Times	EUROPE	1 September 2022	https://www.themoscowtimes.com/2022/09/01/putin-will-skip-gorbachev-funeral-due-to-tight-schedule-kremlin-a78698		
66	In 2022, a Russian court found U.S. basketball star Brittney Griner guilty of smuggling and storing drugs and sentenced her to nine years in prison.	1	The Moscow Times	EUROPE	4 August 2022	https://www.themoscowtimes.com/2022/08/04/russian-court-sentences-us-basketball-star-griner-to-9-years-in-jail-a78510		
67	In 2022, Kremlin critic Andrei Pivovarov, the former head of pro-democracy group Open Russia, was sentenced to four years in prison on charges of “undesirable” activities.	1	The Moscow Times	EUROPE	15 July 2022	https://www.themoscowtimes.com/2022/07/15/kremlin-critic-pivovarov-sentenced-to-4-years-in-prison-for-undesirable-activity-a78313		
68	In June 2022, Russia said it was blacklisting 49 UK citizens, including defense officials and prominent journalists and editors from the BBC, The Financial Times and The Guardian. 	1	The Moscow Times	EUROPE	14 June 2022	https://www.themoscowtimes.com/2022/06/14/russia-blacklists-49-britons-including-journalists-a77998		
69	In 2022, a Russian court sentenced Moscow municipal deputy Alexei Gorinov to seven years in prison under censorship laws that criminalize anti-war protests.	1	The Moscow Times	EUROPE	8 July 2022	https://www.themoscowtimes.com/2022/07/08/moscow-municipal-deputy-jailed-for-7-years-over-war-fakes-a78246		
70	Between March and July of 2022, China spent $35 billion on Russian oil, gas and coal compared with $20 billion the same time the year before. 	1	The Moscow Times	EUROPE	22 August 2022	https://www.themoscowtimes.com/2022/08/22/chinas-energy-imports-from-russia-spike-to-35b-bloomberg-a78623		
71	In 2022, Russian President Vladimir Putin signed off on the annexation of four partially occupied Ukrainian regions.	1	The Moscow Times	EUROPE	3 October 2022	https://www.themoscowtimes.com/2022/09/30/putin-declares-russias-annexation-of-occupied-ukraine-lashes-out-at-west-a78937		
72	In Oct 2022, President Volodymyr Zelensky accused Russia of planting mines at a hydroelectric dam in the Kherson region of southern Ukraine.	1	The Moscow Times	EUROPE	20 October 2022	https://www.themoscowtimes.com/2022/10/20/zelensky-accuses-russia-of-mining-dam-in-south-ukraine-a79152		
73	A city of around 630,000 people, Izhevsk is the regional capital of Russia's Udmurt Republic, located around 1,000 kilometers (620 miles) east of Moscow.	1	The Moscow Times	EUROPE	26 September 2022	https://www.themoscowtimes.com/2022/09/26/russia-school-shooting-kills-15-including-children-a78889		
74	A total of 63 Russian soldiers were killed in a Ukrainian attack on a vocational school in Russian-occupied eastern Ukraine that took place in the early hours of New Year’s Day 2023.	1	The Moscow Times	EUROPE	2 January 2023	https://www.themoscowtimes.com/2023/01/02/63-russian-soldiers-killed-in-ukrainian-missile-strike-on-makiivka-defense-ministry-a79862		
75	In Jan 2023, Army General Valery Gerasimov, Chief of the General Staff of the Russian armed forces, was appointed Commander of the Joint Grouping of Troops.	1	The Moscow Times	EUROPE	11 January 2023	https://www.themoscowtimes.com/2023/01/11/valery-gerasimov-appointed-commander-of-russian-forces-in-ukraine-a79924		
